State,Account length,Area code,International plan,Number vmail messages,Total day minutes,Total day calls,Total eve minutes,Total eve calls,Total night minutes,Total night calls,Total intl minutes,Total intl calls,Customer service calls
KS,128,415,0,25,265.1,110,197.4,99,244.7,91,10.0,3,1
OH,107,415,0,26,161.6,123,195.5,103,254.4,103,13.7,3,1
NJ,137,415,0,0,243.4,114,121.2,110,162.6,104,12.2,5,0
OH,84,408,1,0,299.4,71,61.9,88,196.9,89,6.6,7,2
OK,75,415,1,0,166.7,113,148.3,122,186.9,121,10.1,3,3
AL,118,510,1,0,223.4,98,220.6,101,203.9,118,6.3,6,0
MA,121,510,0,24,218.2,88,348.5,108,212.6,118,7.5,7,3
MO,147,415,1,0,157.0,79,103.1,94,211.8,96,7.1,6,0
WV,141,415,1,37,258.6,84,222.0,111,326.4,97,11.2,5,0
RI,74,415,0,0,187.7,127,163.4,148,196.0,94,9.1,5,0
IA,168,408,0,0,128.8,96,104.9,71,141.1,128,11.2,2,1
MT,95,510,0,0,156.6,88,247.6,75,192.3,115,12.3,5,3
IA,62,415,0,0,120.7,70,307.2,76,203.0,99,13.1,6,4
ID,85,408,0,27,196.4,139,280.9,90,89.3,75,13.8,4,1
VT,93,510,0,0,190.7,114,218.2,111,129.6,121,8.1,3,3
VA,76,510,0,33,189.7,66,212.8,65,165.7,108,10.0,5,1
TX,73,415,0,0,224.4,90,159.5,88,192.8,74,13.0,2,1
FL,147,415,0,0,155.1,117,239.7,93,208.8,133,10.6,4,0
CO,77,408,0,0,62.4,89,169.9,121,209.6,64,5.7,6,5
AZ,130,415,0,0,183.0,112,72.9,99,181.8,78,9.5,19,0
VA,132,510,0,0,81.1,86,245.2,72,237.0,115,10.3,2,0
NE,174,415,0,0,124.3,76,277.1,112,250.7,115,15.5,5,3
WY,57,408,0,39,213.0,115,191.1,112,182.7,115,9.5,3,0
MT,54,408,0,0,134.3,73,155.5,100,102.1,68,14.7,4,3
MO,20,415,0,0,190.0,109,258.2,84,181.5,102,6.3,6,0
IL,142,415,0,0,84.8,95,136.7,63,250.5,148,14.2,6,2
NH,75,510,0,0,226.1,105,201.5,107,246.2,98,10.3,5,1
LA,172,408,0,0,212.0,121,31.2,115,293.3,78,12.6,10,3
AZ,12,408,0,0,249.6,118,252.4,119,280.2,90,11.8,3,1
OK,57,408,0,25,176.8,94,195.0,75,213.5,116,8.3,4,0
GA,72,415,0,37,220.0,80,217.3,102,152.8,71,14.7,6,3
MA,78,415,0,0,130.8,64,223.7,116,227.8,108,10.0,5,1
AK,136,415,1,33,203.9,106,187.6,99,101.7,107,10.5,6,3
NJ,149,408,0,0,140.4,94,271.8,92,188.3,108,11.1,9,1
GA,98,408,0,0,126.3,102,166.8,85,187.8,135,9.4,2,3
MD,135,408,1,41,173.1,85,203.9,107,122.2,78,14.6,15,0
AR,34,510,0,0,124.8,82,282.2,98,311.5,78,10.0,4,2
ID,160,415,0,0,85.8,77,165.3,110,178.5,92,9.2,4,3
WI,64,510,0,0,154.0,67,225.8,118,265.3,86,3.5,3,1
OR,59,408,0,28,120.9,97,213.0,92,163.1,116,8.5,5,2
DE,142,408,0,0,187.0,133,134.6,74,242.2,127,7.4,5,2
WY,97,415,0,24,133.2,135,217.2,58,70.6,79,11.0,3,1
IA,52,408,0,0,191.9,108,269.8,96,236.8,87,7.8,5,3
IN,60,408,0,0,220.6,57,211.1,115,249.0,129,6.8,3,1
UT,96,415,0,0,160.2,117,267.5,67,228.5,68,9.3,5,2
WY,87,415,0,0,151.0,83,219.7,116,203.9,127,9.7,3,5
IN,81,408,0,0,175.5,67,249.3,85,270.2,98,10.2,3,1
CO,141,415,0,0,126.9,98,180.0,62,140.8,128,8.0,2,1
CO,121,408,0,30,198.4,129,75.3,77,181.2,77,5.8,3,3
OK,125,408,0,0,229.3,103,177.4,126,189.3,95,12.0,8,1
ID,174,408,0,0,192.1,97,169.9,94,166.6,54,11.4,4,1
CA,116,415,0,34,268.6,83,178.2,142,166.3,106,11.6,3,2
SD,149,408,0,28,180.7,92,187.8,64,265.5,53,12.6,3,3
NC,38,408,0,0,131.2,98,162.9,97,159.0,106,8.2,6,2
WA,40,415,0,41,148.1,74,169.5,88,214.1,102,6.2,5,2
WY,43,415,1,0,251.5,105,212.8,104,157.8,67,9.3,4,0
MN,113,408,1,0,125.2,93,206.4,119,129.3,139,8.3,8,0
UT,126,408,0,0,211.6,70,216.9,80,153.5,60,7.8,1,1
TX,150,510,0,0,178.9,101,169.1,110,148.6,100,13.8,3,4
NJ,138,408,0,0,241.8,93,170.5,83,295.3,104,11.8,7,3
MN,162,510,0,46,224.9,97,188.2,84,254.6,61,12.1,2,0
NM,147,510,0,0,248.6,83,148.9,85,172.5,109,8.0,4,3
NV,90,415,0,0,203.4,146,226.7,117,152.4,105,7.3,4,1
MN,50,415,0,0,157.1,90,223.3,72,181.4,111,6.1,2,1
DC,82,415,0,0,300.3,109,181.0,100,270.1,73,11.7,4,0
NY,144,408,0,0,61.6,117,77.1,85,173.0,99,8.2,7,4
MD,70,408,0,0,170.2,98,155.2,102,228.6,76,15.0,2,1
WV,144,415,0,0,201.1,99,303.5,74,224.0,119,13.2,2,1
OR,116,415,1,0,215.4,104,204.8,79,278.5,109,12.6,5,3
CO,55,408,0,25,165.6,123,136.1,95,175.7,90,11.0,2,3
GA,70,415,0,24,249.5,101,259.7,98,222.7,68,9.8,4,1
TX,106,510,0,0,210.6,96,249.2,85,191.4,88,12.4,1,2
IN,94,408,0,0,157.9,105,155.0,101,189.6,84,8.0,5,4
WV,111,510,0,0,214.3,118,208.5,76,182.4,98,12.0,2,1
KY,74,415,0,35,154.1,104,123.4,84,202.1,57,10.9,9,2
NJ,128,415,0,0,237.9,125,247.6,93,208.9,68,13.9,4,1
DC,82,510,0,0,143.9,61,194.9,105,109.6,94,11.1,2,1
AR,80,415,0,0,124.3,100,173.0,107,253.2,62,7.9,9,1
ME,78,415,0,0,252.9,93,178.4,112,263.9,105,9.5,7,3
AZ,90,415,0,0,179.1,71,190.6,81,127.7,91,10.6,7,3
AK,104,408,0,0,278.4,106,81.0,113,163.2,137,9.8,5,1
AZ,99,415,0,0,198.2,87,207.3,76,190.9,113,8.7,3,4
MS,120,408,0,0,212.1,131,209.4,104,167.2,96,5.3,5,1
IA,98,510,0,21,161.2,114,252.2,83,160.2,92,4.4,8,4
VT,135,415,0,0,151.7,82,119.0,105,180.0,100,10.5,6,0
IN,122,408,0,0,170.5,94,173.7,109,248.6,75,11.3,2,1
AZ,95,408,0,0,238.1,65,187.2,98,190.0,115,11.8,4,4
NM,93,510,0,21,117.9,131,164.5,115,217.0,86,9.8,3,1
UT,157,408,0,0,229.8,90,147.9,121,241.4,108,9.6,7,3
MI,120,408,0,0,165.0,100,317.2,83,119.2,86,8.3,8,1
MA,103,415,0,0,185.0,117,223.3,94,222.8,91,12.6,2,2
AL,98,408,0,0,161.0,117,190.9,113,227.7,113,12.1,4,4
DE,125,408,0,0,126.7,108,206.0,90,247.8,114,13.3,7,1
ME,36,510,1,42,196.8,89,254.9,122,138.3,126,20.0,6,0
NJ,64,510,0,0,162.6,83,152.3,109,57.5,122,14.2,3,1
NV,74,415,0,0,282.5,114,219.9,48,170.0,115,9.4,4,1
MO,112,510,0,36,113.7,117,157.5,82,177.6,118,10.0,3,2
NE,46,408,0,0,210.2,92,227.3,77,200.1,116,13.1,7,1
TX,41,408,0,22,213.8,102,141.8,86,142.2,123,7.2,3,0
MD,121,510,0,0,190.7,103,183.5,117,220.8,103,9.8,4,3
MS,193,415,0,0,170.9,124,132.3,95,112.9,89,11.6,3,1
NV,130,510,0,0,154.2,119,110.2,98,227.4,117,9.2,5,2
AZ,85,408,0,0,201.4,52,229.4,104,252.5,106,12.0,3,1
MS,162,415,0,0,70.7,108,157.5,87,154.8,82,9.1,3,4
MS,61,510,0,27,187.5,124,146.6,103,225.7,129,6.4,6,4
TX,92,408,0,0,91.7,90,193.7,123,175.0,86,9.2,4,2
NE,131,408,0,36,214.2,115,161.7,117,264.7,102,9.5,4,3
NE,90,415,0,0,145.5,92,217.7,114,146.9,123,10.9,2,3
NJ,78,415,0,0,231.0,115,230.4,140,261.4,120,9.5,3,1
TX,82,408,0,0,200.3,96,201.2,102,206.1,60,7.1,1,4
AR,163,408,0,0,197.0,109,202.6,128,206.4,80,9.1,10,1
AL,91,510,1,0,129.9,112,173.3,83,247.2,130,11.2,3,3
NY,75,415,0,21,175.8,97,217.5,106,237.5,134,5.3,4,5
FL,91,510,0,0,203.1,106,210.1,113,195.6,129,12.0,3,3
AK,127,510,0,36,183.2,117,126.8,76,263.3,71,11.2,8,1
NV,113,415,0,23,205.0,101,152.0,60,158.6,59,10.2,5,2
DE,110,510,0,0,148.5,115,276.4,84,193.6,112,12.4,3,1
MD,120,415,0,39,200.3,68,220.4,97,253.8,116,10.5,4,0
MI,157,415,0,28,192.6,107,195.5,74,109.7,139,6.8,5,3
VT,103,510,0,0,246.5,47,195.5,84,200.5,96,11.7,4,1
VT,117,408,1,0,167.1,86,177.5,87,249.4,132,14.1,7,2
MI,140,415,0,0,231.9,101,160.1,94,110.4,98,14.3,6,3
UT,83,408,1,0,271.5,87,216.3,126,121.1,105,11.7,4,1
RI,145,408,0,43,257.7,97,162.1,95,286.9,86,11.1,4,2
IA,113,408,0,0,193.8,99,221.4,125,172.3,67,10.6,6,1
RI,56,415,0,0,226.0,112,248.5,118,140.5,142,6.9,11,1
OK,96,415,0,0,260.4,115,146.0,46,269.5,87,11.5,4,5
LA,151,408,0,0,178.7,116,292.1,138,265.9,101,9.8,4,0
OH,83,415,0,0,337.4,120,227.4,116,153.9,114,15.8,7,0
VA,139,510,0,23,157.6,129,247.0,96,259.2,112,13.7,2,0
FL,115,510,0,24,142.1,124,183.4,129,164.8,114,9.6,4,1
SC,87,415,0,0,136.3,97,172.2,108,137.5,101,7.1,5,0
VA,141,415,0,0,217.1,110,241.5,111,253.5,103,12.0,6,0
IA,141,510,0,36,187.5,99,241.4,116,229.5,105,10.5,5,3
MI,62,415,0,0,98.9,103,135.4,122,236.6,82,12.2,1,1
OK,146,415,0,0,206.3,151,148.6,89,167.2,91,6.1,3,1
DE,92,415,0,33,243.1,92,213.8,92,228.7,104,12.1,2,2
GA,185,510,0,31,189.8,126,163.3,133,264.8,126,7.5,3,1
DC,148,415,0,0,202.0,102,243.2,128,261.3,90,10.9,3,1
AZ,94,408,0,38,170.1,124,193.3,116,105.9,73,12.8,4,1
CO,68,408,0,0,237.1,105,223.5,105,97.4,79,13.2,2,1
LA,179,408,0,0,219.2,92,149.4,125,244.7,104,6.1,5,0
NE,94,415,0,0,252.6,104,169.0,125,170.9,106,11.1,7,2
MN,62,415,0,0,147.1,91,190.4,107,195.2,115,12.2,3,0
AR,116,408,0,0,173.5,93,194.1,76,208.0,112,16.2,10,3
KS,70,408,0,0,232.1,122,292.3,112,201.2,112,0.0,0,3
WV,94,510,1,23,197.1,125,214.5,136,282.2,103,9.5,5,4
AK,126,415,0,0,58.2,94,138.7,118,136.8,91,11.9,1,5
NY,67,408,0,36,115.6,111,237.7,94,169.9,103,9.9,12,2
NH,19,408,0,0,186.1,98,254.3,57,214.0,127,14.6,7,2
VA,170,510,1,0,259.9,68,245.0,122,134.4,121,8.4,3,3
NM,73,415,0,0,214.3,145,268.5,135,241.2,92,10.8,13,1
NY,106,408,0,0,158.7,74,64.3,139,198.5,103,10.2,4,1
WY,164,510,0,0,160.6,111,163.2,126,187.1,112,9.0,3,1
WA,51,408,0,0,232.4,109,187.4,95,231.2,107,9.1,3,1
CO,107,415,0,0,133.8,85,180.5,94,112.2,115,8.9,4,0
TX,130,415,0,0,176.9,109,90.7,104,238.0,69,9.5,2,1
KY,80,408,0,0,209.9,74,195.1,77,208.2,119,8.8,4,2
MT,94,415,0,0,137.5,118,203.2,88,150.0,131,13.4,2,0
OK,118,408,0,23,289.5,52,166.6,111,119.1,88,9.5,4,1
MD,117,415,0,23,198.1,86,177.0,86,180.5,92,6.8,6,1
TN,78,415,0,0,149.7,119,182.2,115,261.5,126,9.7,8,0
ME,131,510,1,26,292.9,101,199.7,97,255.3,127,13.8,7,4
DC,63,408,0,0,83.0,64,177.0,106,245.7,89,13.0,3,0
MN,53,415,0,24,145.7,146,220.5,136,249.9,96,13.1,5,3
DE,62,408,0,0,182.3,101,328.2,93,245.0,131,11.2,1,2
MD,97,415,0,0,218.0,86,184.0,94,240.5,110,6.4,8,3
MI,105,510,0,0,140.6,109,178.6,51,217.0,83,6.8,3,2
WA,157,415,0,0,152.7,105,257.5,80,198.1,93,9.4,4,1
MO,66,415,0,36,106.7,76,209.8,77,190.4,117,12.1,2,1
OR,38,415,0,0,194.4,94,186.7,95,223.3,90,10.8,5,3
MD,106,510,0,0,213.9,95,151.9,70,260.1,124,12.2,5,3
RI,99,510,0,0,217.2,112,246.7,89,226.1,89,15.8,7,3
AZ,144,510,1,0,203.5,100,247.6,103,194.3,94,11.9,11,0
PA,82,415,0,24,155.2,131,244.5,106,122.4,68,10.7,3,1
AZ,86,408,0,31,167.6,139,113.0,118,246.9,121,12.2,6,1
FL,70,510,1,0,226.7,98,228.1,115,73.2,93,17.6,4,2
LA,93,415,0,0,179.3,93,178.6,98,225.2,131,11.5,6,3
FL,93,415,0,0,151.4,89,186.4,76,172.5,120,10.9,3,0
FL,120,415,0,0,180.0,80,224.2,82,265.4,91,4.7,7,3
MD,136,415,0,0,250.2,121,267.1,118,151.0,114,13.0,2,1
AL,106,415,0,0,223.0,121,110.1,98,188.7,107,7.1,12,0
WA,81,415,0,0,183.6,116,152.6,98,212.2,99,12.2,6,3
TN,127,408,0,22,166.0,114,174.5,103,244.9,68,10.2,6,1
ME,35,408,0,0,149.3,113,242.2,122,174.3,104,8.9,6,2
OK,88,408,0,0,65.4,97,168.2,76,236.0,113,13.8,1,2
MO,123,415,0,0,206.9,85,244.7,78,221.5,136,7.7,2,3
IA,126,408,0,27,186.2,78,189.6,83,76.5,139,9.6,3,2
VA,104,415,0,23,280.2,136,220.5,92,136.9,102,13.3,3,4
MD,93,408,1,0,312.0,109,129.4,100,217.6,74,10.5,2,0
OH,63,415,1,36,199.0,110,291.3,111,197.6,92,11.0,6,1
OK,100,415,0,0,203.1,96,217.0,126,180.9,122,13.5,2,3
NV,53,415,0,0,168.8,97,220.3,87,154.3,113,10.9,2,0
ID,92,415,1,0,173.1,140,240.3,105,233.2,117,9.0,5,1
SD,110,408,0,40,202.6,103,118.8,128,234.9,98,9.0,9,2
IL,110,408,0,0,74.5,117,200.8,98,192.2,101,9.8,7,3
AL,73,415,0,0,192.2,86,168.6,116,139.8,87,9.4,6,1
NJ,138,510,0,0,220.2,89,88.3,125,195.3,79,12.9,5,0
NV,137,415,1,0,135.1,95,134.1,102,223.1,81,12.3,2,2
IN,36,415,0,0,253.4,77,182.4,151,275.8,103,8.4,2,1
WV,85,408,0,0,225.0,81,176.9,63,194.3,110,7.1,2,3
VA,108,408,0,0,198.5,99,267.8,60,354.9,75,9.4,3,0
SC,22,408,0,0,110.3,107,166.5,93,202.3,96,9.5,5,0
RI,107,415,0,37,60.0,102,102.2,80,261.8,106,11.1,3,0
IN,51,510,0,0,214.8,94,149.7,58,283.4,66,10.2,5,0
OR,33,415,0,29,157.4,99,117.9,80,279.2,79,13.9,11,4
NJ,106,415,0,0,207.9,91,172.0,109,191.8,143,14.4,7,4
MS,82,408,0,0,207.0,90,232.9,83,172.4,108,9.1,8,3
TX,97,415,1,0,143.7,117,273.0,82,178.3,81,10.9,3,0
DC,108,510,0,0,138.6,122,172.3,117,231.6,92,9.8,3,1
TX,114,415,0,0,84.7,118,249.9,86,193.4,95,14.5,8,1
UT,59,510,0,0,155.2,79,235.3,123,169.4,80,8.7,4,1
MN,24,510,0,25,164.9,110,209.3,105,231.2,55,6.7,9,1
IL,151,408,0,0,134.5,88,143.1,112,223.9,61,15.4,1,1
NM,117,415,0,0,143.3,103,211.3,108,185.2,96,11.5,3,1
WV,114,510,0,30,206.2,79,260.0,91,291.6,83,11.4,6,1
RI,114,510,0,28,225.8,94,193.0,117,232.4,100,8.4,9,4
NH,119,408,0,0,138.3,89,170.5,78,263.9,98,13.5,6,3
MA,118,408,1,0,160.0,123,175.4,96,184.8,99,9.9,3,2
PA,101,415,0,0,206.6,105,224.9,117,249.9,100,14.6,3,0
OK,117,415,0,0,134.7,121,180.0,83,200.9,104,7.7,3,1
AL,49,415,0,28,214.4,78,235.2,100,206.2,107,8.0,13,3
WY,139,415,0,0,192.8,104,234.4,96,203.2,101,13.0,3,3
PA,92,408,0,28,151.1,90,194.8,79,239.2,114,10.0,3,1
HI,148,510,1,0,218.9,88,208.0,85,203.3,99,11.1,4,0
AL,131,415,0,25,192.7,85,225.9,105,254.2,59,10.9,6,2
VT,146,510,1,0,204.4,135,219.1,90,222.7,114,10.5,6,3
AK,48,415,0,37,211.7,115,159.9,84,144.1,80,12.2,1,1
MI,86,415,0,28,221.6,74,288.4,100,240.3,105,9.0,2,1
DE,71,415,0,0,197.9,108,181.5,109,281.4,56,6.7,5,3
MI,137,510,0,0,206.4,122,128.0,102,194.5,84,8.8,5,2
KS,137,408,0,0,205.9,88,209.3,86,289.9,84,14.5,4,2
AL,167,510,0,0,207.6,88,132.4,63,255.2,98,14.1,5,0
NE,132,510,0,0,99.5,110,129.1,80,125.1,124,9.7,3,0
WI,94,510,0,0,177.1,112,194.0,112,146.7,108,5.9,4,1
WI,96,510,0,18,172.7,86,133.4,113,259.5,70,9.8,3,1
IN,166,510,0,0,204.2,115,179.9,152,216.8,109,9.5,5,1
DC,74,415,0,0,85.7,83,247.7,67,142.4,85,10.1,5,2
AR,36,415,0,0,157.6,117,184.3,58,240.4,99,11.9,1,0
ME,113,415,0,0,215.5,129,218.7,117,207.1,91,6.6,9,4
MD,67,415,0,0,171.7,80,110.4,81,195.4,111,11.9,4,2
IA,158,415,0,0,158.0,106,292.5,114,241.1,89,9.1,4,1
AZ,136,510,0,0,92.0,117,253.6,77,214.1,90,10.3,10,1
MO,196,415,0,0,234.0,109,249.5,114,173.1,70,9.1,5,2
VT,113,415,0,0,272.1,111,268.5,118,213.8,105,8.5,10,1
RI,112,510,0,0,194.4,101,190.3,82,183.4,107,11.4,2,0
SD,209,415,0,0,227.2,128,258.4,92,183.5,74,8.9,4,3
MN,62,415,0,0,248.7,109,220.0,118,265.7,78,13.2,2,1
TX,110,415,0,38,236.3,102,195.9,112,183.5,82,9.7,6,1
VA,16,510,0,0,205.6,69,169.5,93,220.1,64,10.9,3,0
MA,73,408,0,0,94.1,136,280.3,122,205.0,77,9.8,4,0
ID,128,408,0,0,125.2,99,205.4,107,254.4,111,18.9,2,0
MA,39,408,0,0,60.4,158,306.2,120,123.9,46,12.4,3,1
GA,103,415,0,28,121.0,105,270.4,100,160.5,76,7.7,4,2
RI,119,415,0,29,117.8,66,256.8,114,147.6,76,7.6,3,3
ID,173,510,0,21,232.4,96,211.9,118,273.0,102,5.0,5,3
SD,128,510,1,32,223.5,81,188.8,74,154.9,101,9.4,2,2
MA,86,510,0,0,176.3,79,259.2,97,287.4,78,6.2,3,0
WY,114,415,0,32,125.2,79,177.8,105,232.4,89,12.9,3,1
VA,104,408,0,0,138.7,107,256.9,113,234.9,74,10.0,3,0
OR,148,415,0,0,86.3,134,246.6,92,251.6,91,11.3,4,1
VA,129,408,0,0,207.0,91,154.9,121,245.1,112,13.4,5,3
ME,100,510,0,30,58.8,104,219.5,107,152.3,118,7.1,3,0
GA,143,408,0,33,239.2,109,235.5,112,156.3,95,9.5,4,1
IA,76,510,0,0,198.3,130,217.1,86,188.4,96,12.5,3,0
AZ,158,510,0,0,205.2,97,240.6,77,79.7,108,14.4,12,0
FL,116,510,0,0,192.1,98,312.9,135,130.2,94,7.9,2,3
MT,54,415,0,0,272.6,83,248.7,74,197.4,111,9.5,2,1
AL,86,415,0,0,128.3,121,197.1,93,138.4,152,12.2,5,7
DE,108,510,0,0,169.6,99,264.1,87,206.3,78,9.3,4,0
MT,66,510,0,0,201.3,95,152.8,66,233.2,101,7.5,4,1
KY,151,408,0,17,214.7,97,138.5,90,169.1,44,8.6,4,1
SC,99,510,0,0,169.2,70,271.5,77,170.2,104,10.6,2,0
WA,55,415,0,0,194.1,121,176.6,110,302.8,136,7.0,7,2
AK,78,408,0,0,225.1,67,199.2,127,175.5,102,14.6,2,0
GA,89,415,0,0,213.0,63,176.6,71,262.6,126,9.1,1,1
MN,101,415,0,0,183.9,115,255.9,101,275.0,145,10.8,11,1
IL,44,415,0,34,221.8,105,161.7,85,227.7,62,14.0,7,0
IN,98,408,0,21,64.6,98,176.1,86,244.8,84,0.0,0,2
SC,64,510,0,37,154.6,92,83.4,103,165.9,99,13.3,3,1
VA,141,415,0,0,260.2,131,179.2,120,135.0,119,7.2,8,3
WI,81,415,0,33,161.6,117,123.0,90,261.3,101,12.2,5,1
VT,162,510,0,0,220.6,117,155.2,121,186.7,89,10.5,11,1
AZ,83,415,0,41,155.9,122,162.3,107,127.6,105,13.1,5,3
FL,100,510,0,0,107.0,63,105.7,67,243.1,74,12.8,3,4
AK,59,510,0,0,182.5,104,204.7,95,229.9,100,11.3,8,4
AR,179,415,1,38,220.1,78,234.3,71,237.3,85,10.1,4,4
AR,79,408,0,0,152.2,112,177.2,132,96.4,87,5.3,3,1
AK,117,415,0,0,181.5,95,205.1,88,204.0,82,14.7,9,2
ME,31,415,0,0,166.1,105,79.3,93,213.7,98,12.7,2,1
NM,122,408,0,23,134.2,85,227.3,132,122.4,96,8.5,2,2
NE,37,408,1,39,149.7,122,211.1,75,114.3,90,9.2,4,1
SC,90,408,0,29,150.1,109,264.7,103,178.4,97,5.8,4,1
CO,159,408,1,0,257.1,53,312.2,127,183.0,82,8.8,6,1
OH,39,415,0,36,141.7,121,232.3,113,222.1,131,12.0,5,1
OK,194,408,0,0,162.3,88,213.7,118,192.1,81,10.9,2,0
CO,154,415,0,0,350.8,75,216.5,94,253.9,100,10.1,9,1
NC,112,415,0,0,193.3,96,264.1,123,128.6,115,9.1,3,4
MD,45,415,0,0,78.2,127,253.4,108,255.0,100,18.0,3,1
KS,132,415,0,0,83.4,110,232.2,137,146.7,114,7.6,5,1
MA,128,415,0,0,195.6,99,267.8,120,164.9,76,16.0,2,0
NM,56,408,0,0,197.0,110,222.8,102,225.3,91,10.6,6,2
CA,151,415,1,0,218.0,57,114.4,88,269.2,95,12.4,1,0
NY,32,415,0,0,164.8,98,229.9,96,167.3,108,14.8,2,2
AZ,90,415,0,0,179.2,77,210.7,99,276.9,58,9.2,6,2
DC,138,415,0,0,170.5,87,118.2,116,187.9,111,11.2,7,2
ND,79,408,0,0,205.7,123,214.5,108,226.1,106,6.7,18,1
MO,95,415,1,0,165.5,84,286.2,112,198.9,89,11.5,2,1
KS,127,415,0,0,221.0,100,160.7,113,233.1,96,6.8,4,2
SD,137,510,0,0,242.1,118,191.0,93,218.6,50,14.7,2,3
OK,97,415,0,0,151.6,107,155.4,96,240.0,112,14.7,4,1
OR,149,415,1,0,176.2,87,145.0,81,249.5,92,5.7,4,0
IN,117,415,1,22,196.0,82,322.7,82,225.6,120,3.7,5,1
OH,84,408,0,0,159.5,125,247.1,90,187.9,82,7.2,4,2
KS,137,415,0,0,230.2,113,220.4,79,204.7,111,10.7,7,4
CT,99,415,0,0,146.7,64,274.0,99,321.3,98,8.9,1,3
WI,85,415,0,0,102.0,95,270.2,139,148.2,105,10.7,3,1
MS,150,510,0,0,126.0,99,238.5,73,285.1,100,10.2,6,3
WV,43,415,0,0,168.4,125,243.8,89,214.7,102,11.1,2,1
MD,98,415,0,0,206.5,92,176.2,152,232.8,115,12.4,5,5
PA,112,510,0,0,217.1,76,205.2,100,185.7,91,9.4,3,2
WI,16,510,0,0,229.6,78,205.7,108,166.2,91,10.8,2,0
TN,98,415,0,22,278.3,89,93.4,143,107.6,42,9.7,5,0
IL,84,510,0,0,181.5,129,130.7,112,186.5,118,8.5,4,1
DC,66,415,0,0,167.3,91,230.0,68,191.7,118,10.6,5,1
GA,98,415,0,31,121.0,105,218.9,98,226.7,110,12.0,1,1
ID,74,415,0,0,221.1,124,110.8,94,240.1,112,10.6,3,0
KY,119,510,0,0,222.8,122,163.2,107,160.6,112,11.2,6,1
OH,73,415,0,0,183.4,80,242.0,115,201.4,100,7.5,3,4
WI,92,415,1,0,264.3,91,160.9,115,198.6,73,9.3,5,0
IL,21,415,0,0,146.0,78,109.7,79,247.4,108,6.8,7,0
DE,122,510,0,0,157.1,134,184.9,122,197.2,59,8.5,5,4
RI,133,510,1,0,127.3,108,251.3,81,135.0,88,10.3,3,1
TX,145,415,0,0,187.9,110,197.0,117,167.0,108,4.8,4,2
OR,25,408,0,0,178.8,90,141.2,72,203.0,99,8.4,5,2
MS,126,415,0,0,256.5,112,199.5,90,188.3,122,7.0,5,3
OR,76,415,0,0,169.5,77,124.0,87,219.4,92,10.0,3,0
DE,113,415,0,0,239.7,47,282.9,110,238.4,88,8.7,3,2
DE,224,510,1,0,171.5,99,160.0,103,212.4,102,5.0,2,1
SD,128,408,0,34,142.3,73,194.8,79,239.3,81,16.0,6,1
NV,115,415,0,0,184.1,98,327.0,73,212.5,106,7.5,6,2
NM,141,415,0,28,206.9,126,264.4,126,171.8,124,9.3,11,2
MN,51,510,0,0,259.9,114,176.2,94,77.2,112,15.3,1,1
NJ,100,415,0,0,203.8,122,283.1,76,197.3,83,12.5,3,0
IN,96,415,0,45,248.8,124,140.3,77,263.6,102,10.3,2,3
ME,163,415,0,0,122.4,129,113.4,108,180.2,97,12.5,7,1
NH,67,415,0,40,104.9,65,216.3,93,217.4,128,9.6,9,1
OR,49,510,0,0,119.4,69,273.3,92,214.4,153,12.4,7,2
KS,46,510,0,0,250.3,100,260.6,90,195.0,104,13.3,2,2
NE,148,415,0,0,178.3,98,282.6,110,181.0,98,11.4,4,1
MI,112,510,0,0,243.4,77,182.1,97,259.2,94,12.8,2,1
SC,78,415,0,0,155.0,106,175.3,101,155.6,125,11.8,5,2
PA,61,408,0,31,288.7,101,203.8,102,203.2,49,8.6,3,0
MT,58,510,0,29,240.4,80,118.9,91,164.2,108,11.2,3,1
NM,155,415,0,0,190.3,123,301.3,96,214.6,134,8.0,3,1
OH,100,510,0,0,278.0,76,176.7,74,219.5,126,8.3,4,0
WY,113,510,0,0,155.0,93,330.6,106,189.4,123,13.5,3,1
AR,135,510,0,27,273.4,141,154.0,99,245.8,112,12.3,6,1
FL,99,408,0,0,155.3,93,265.7,95,145.7,67,12.4,4,0
AR,59,510,0,29,133.1,114,221.2,82,131.6,103,6.8,3,1
MO,135,510,0,0,246.8,129,187.8,121,154.5,109,12.6,5,1
WI,85,408,1,0,165.4,107,196.0,126,349.2,110,9.6,7,2
TX,88,510,0,0,138.3,116,236.0,138,179.1,110,9.6,4,3
NM,55,510,0,0,286.7,100,134.4,121,192.9,122,6.9,5,2
GA,75,415,0,0,117.3,114,201.1,61,107.9,82,12.2,3,1
KS,86,408,0,23,225.5,107,246.3,105,245.7,81,9.8,2,0
OH,97,408,0,0,256.4,125,273.9,100,222.7,101,11.1,1,1
MA,88,415,0,0,264.8,124,245.4,112,160.5,115,14.8,2,1
KY,54,408,0,0,159.8,99,264.0,64,115.7,70,9.7,7,2
DC,11,415,0,28,190.6,86,220.1,122,180.3,80,6.0,3,3
WA,109,415,0,0,184.0,120,120.4,119,153.7,86,11.0,3,0
UT,90,415,0,0,261.8,128,220.6,104,136.6,91,9.6,5,1
NV,91,408,0,0,133.7,75,195.3,87,280.5,89,5.9,2,0
ND,105,415,0,23,193.5,85,220.2,90,272.4,111,8.5,5,0
NV,71,415,1,0,178.2,113,167.8,94,182.1,111,13.6,3,3
FL,132,510,0,36,226.2,103,181.6,125,258.8,102,10.5,5,3
MD,112,415,0,0,170.4,103,200.2,71,258.3,100,11.6,4,1
AL,41,510,0,34,194.4,63,254.9,110,160.2,115,17.2,9,2
NE,44,415,0,0,240.3,146,164.6,83,240.7,106,10.6,2,1
NV,78,408,0,0,75.0,116,248.7,87,176.0,83,9.5,6,3
IL,149,408,0,0,69.1,117,136.3,100,181.7,53,6.3,3,1
WV,72,510,0,33,96.6,59,315.4,98,163.3,117,6.2,4,4
AR,74,510,0,0,148.5,111,146.5,42,289.2,83,9.9,6,3
UT,50,510,0,0,258.1,106,161.4,106,225.1,110,11.7,5,1
GA,141,510,0,23,149.7,112,162.5,118,220.3,115,7.6,2,3
AZ,140,408,0,0,149.8,134,164.4,98,294.7,124,8.1,2,1
ID,99,408,0,0,190.4,102,158.1,107,271.5,92,11.2,4,2
HI,166,408,0,0,181.4,108,253.8,54,112.3,94,11.6,6,1
MD,74,415,0,0,155.7,116,173.7,63,257.4,97,8.1,4,0
GA,117,510,0,0,149.9,95,256.1,110,212.7,92,13.3,13,2
GA,85,510,0,0,222.3,132,231.5,101,223.5,75,11.0,2,3
UT,36,415,0,16,149.4,111,131.8,113,132.7,87,6.7,2,0
IN,76,415,0,0,204.2,100,292.6,139,244.3,105,10.5,2,0
VT,165,510,0,0,242.9,126,209.8,65,228.4,126,0.0,0,1
IA,130,415,0,0,150.4,119,230.5,99,186.3,76,12.3,4,1
ME,92,415,1,0,130.7,113,260.6,122,244.2,98,9.4,2,2
MD,18,408,0,0,273.6,93,114.6,116,250.6,120,8.2,4,1
FL,161,415,1,0,156.1,114,180.3,63,179.6,115,11.1,9,2
CA,93,415,0,36,178.7,134,178.6,102,126.8,82,8.0,4,2
AL,144,415,0,0,177.5,93,287.4,75,180.5,118,11.9,3,2
WV,95,415,0,0,175.2,91,244.4,109,75.8,95,7.5,2,1
FL,124,415,0,28,251.4,104,225.1,89,251.9,121,7.5,5,1
MI,93,415,1,0,216.9,61,207.4,120,221.7,110,17.5,5,1
MI,109,415,1,26,217.2,138,145.5,111,280.7,76,9.3,3,0
NM,80,510,0,0,206.3,97,154.9,98,263.6,82,12.4,12,0
AK,41,415,0,0,159.3,66,125.9,75,261.9,76,11.1,5,1
OH,136,415,0,31,143.1,88,236.6,65,227.8,120,11.4,5,2
KS,143,408,0,24,186.6,69,222.0,116,234.9,138,11.6,5,1
MS,118,415,0,26,170.8,114,199.5,125,169.7,98,9.6,5,5
VT,193,408,0,17,124.0,102,202.9,81,205.1,129,12.3,3,1
NE,73,415,0,0,198.3,94,279.3,101,146.2,87,14.8,8,3
VA,62,408,0,0,172.8,101,204.8,97,240.8,90,9.1,8,2
DE,30,415,0,30,217.4,74,213.8,86,227.2,104,6.6,3,0
AL,60,408,1,29,265.9,113,215.8,94,108.1,82,14.0,12,0
ID,148,510,0,14,93.6,137,193.8,72,144.9,84,17.5,5,1
MS,96,510,0,0,98.2,100,307.2,88,182.5,120,7.6,1,2
NM,87,415,0,0,168.2,92,224.7,100,169.5,99,12.9,3,1
WI,41,408,0,0,202.9,97,153.8,104,113.5,92,9.0,3,3
WV,112,415,0,0,261.4,108,154.5,102,130.9,90,11.6,2,1
SC,88,510,0,0,73.3,86,161.4,82,239.6,76,8.2,3,4
KY,122,408,0,27,253.7,84,229.2,109,190.5,123,9.2,5,7
MO,61,408,0,0,45.0,108,151.3,74,152.9,94,9.8,6,2
OK,176,408,0,0,47.4,125,167.8,90,163.1,107,10.5,8,2
MI,30,510,0,0,227.4,88,182.5,100,191.7,134,12.5,3,0
ID,46,415,0,0,124.8,133,157.3,143,199.3,72,8.6,4,2
DC,100,510,1,0,68.5,110,337.1,115,205.2,99,12.1,9,0
NY,47,415,0,37,163.5,77,203.1,102,232.0,87,7.8,4,2
AL,77,415,0,0,163.0,112,219.1,89,233.4,66,6.7,3,2
OR,98,415,0,38,213.7,61,253.0,104,207.7,73,10.7,5,2
OK,125,415,0,36,201.3,117,42.2,78,125.7,104,5.4,3,1
NE,194,408,0,0,48.4,101,281.1,138,218.5,87,18.2,1,1
TX,128,415,0,40,171.2,88,145.7,109,196.8,93,14.0,6,1
UT,190,415,0,22,166.5,93,183.0,92,121.0,102,8.5,3,0
NY,59,408,0,0,107.8,113,216.6,125,217.5,92,9.9,3,2
AL,47,408,0,28,141.3,94,168.0,108,113.5,84,7.8,2,1
MN,152,415,1,20,237.5,120,253.4,94,265.2,80,14.2,3,9
RI,95,510,0,27,129.5,106,248.9,90,268.0,115,11.9,3,1
CT,31,415,0,31,100.1,54,246.3,97,255.0,131,5.9,3,0
OK,121,408,0,31,237.1,63,205.6,117,196.7,85,10.1,5,4
AK,111,415,0,0,172.8,58,183.1,108,158.8,104,7.9,3,4
GA,44,510,0,0,288.1,112,258.0,92,192.4,90,10.2,4,3
UT,61,510,1,0,78.2,103,195.9,149,108.0,100,10.1,6,2
NM,65,415,0,0,148.7,80,259.0,94,149.5,107,12.7,6,2
NE,74,415,0,25,194.6,84,119.9,103,175.5,75,13.1,2,2
NJ,123,408,0,0,159.5,77,303.8,92,226.9,120,12.0,4,0
TX,58,408,0,20,194.5,110,213.7,89,236.6,92,9.5,2,1
MT,74,408,0,0,174.1,96,251.1,94,257.6,123,8.3,5,2
CO,125,415,0,0,131.8,97,136.7,100,308.2,119,7.7,6,2
RI,53,408,0,18,146.8,107,310.0,84,178.7,130,7.2,7,0
WY,99,408,0,28,200.7,88,264.2,116,172.7,102,9.1,5,1
ID,99,415,0,0,145.6,106,98.3,106,230.8,83,10.9,5,1
CT,66,415,0,29,229.4,104,257.4,84,231.5,119,8.0,1,2
ME,97,510,0,0,211.0,76,189.0,100,123.0,102,4.7,4,3
MD,85,510,1,0,216.0,73,188.2,117,147.1,98,3.6,7,2
IN,108,510,0,0,293.0,88,160.6,101,143.9,87,10.0,6,2
NC,133,408,1,32,221.1,137,264.9,99,168.9,108,15.4,4,2
DE,51,510,0,0,181.5,108,196.9,87,187.2,119,10.3,2,1
MN,186,415,0,26,74.3,107,177.3,116,296.3,90,14.5,3,2
WI,44,415,1,0,62.3,92,275.0,82,138.7,108,10.8,3,1
FL,64,408,0,31,228.6,88,248.5,109,167.1,124,9.0,1,3
SD,114,415,0,36,309.9,90,200.3,89,183.5,105,14.2,2,1
FL,92,415,0,0,201.9,74,226.8,119,217.5,80,13.7,6,3
OR,110,408,0,0,149.8,112,180.0,93,140.0,119,11.7,4,2
CO,90,408,0,30,183.8,76,229.7,95,144.1,124,7.7,3,1
CT,72,408,0,21,186.7,108,335.0,86,187.2,119,16.5,4,1
IN,113,415,0,0,209.4,151,347.3,113,246.0,116,7.4,2,1
PA,171,415,0,25,223.2,77,183.2,118,150.8,90,10.2,3,3
NM,104,415,0,0,164.2,109,155.4,90,168.9,117,10.7,8,1
ME,165,408,0,0,150.5,75,193.1,93,311.6,93,10.3,2,1
SD,104,510,0,0,234.2,128,293.1,92,183.9,79,9.8,6,0
AR,110,408,0,0,55.3,102,164.7,124,200.7,108,10.2,5,1
TX,90,408,1,0,221.8,97,203.8,134,215.8,154,8.4,4,1
NH,114,415,0,0,169.6,85,58.9,86,179.3,124,7.4,8,1
AL,109,408,0,0,218.9,105,299.9,87,158.6,110,11.3,4,2
OK,92,510,0,0,176.3,85,93.4,125,207.2,107,9.6,1,2
ME,82,510,0,29,207.2,111,254.1,137,169.3,92,9.5,5,2
WV,90,415,0,0,205.7,138,161.9,83,269.7,104,12.5,6,2
HI,87,408,0,28,151.4,95,152.4,97,250.1,109,0.0,0,1
MN,124,510,0,0,157.5,70,130.7,79,193.4,98,9.6,4,3
AZ,84,415,0,0,159.0,80,167.9,128,167.6,101,12.3,5,1
OH,75,510,0,46,214.1,62,200.9,111,246.8,126,9.2,6,0
MI,102,510,0,0,102.6,89,246.0,77,170.5,140,9.1,4,2
MA,62,415,1,0,159.7,86,197.5,76,121.6,105,13.9,6,0
WV,143,510,0,0,202.8,109,165.8,104,143.9,71,4.6,4,1
MI,53,415,0,0,57.5,95,265.5,131,244.3,128,11.6,6,3
MO,112,415,0,0,335.5,77,212.5,109,265.0,132,12.7,8,2
RI,129,415,0,0,139.5,119,289.3,105,129.4,97,13.1,8,0
WY,28,415,0,0,187.8,94,248.6,86,208.8,124,10.6,5,0
KY,90,415,0,0,193.7,83,154.2,79,299.0,60,12.7,3,1
OR,151,510,0,0,156.4,108,233.4,118,195.7,141,7.7,6,4
DC,41,408,0,37,239.8,110,221.9,115,189.1,100,7.3,1,2
UT,48,510,0,43,172.0,111,200.2,64,233.1,96,8.0,5,1
VA,153,510,0,0,195.4,107,154.6,96,142.8,97,11.6,6,1
KS,110,415,1,0,293.3,79,188.5,90,266.9,91,14.5,4,0
KS,163,415,0,0,191.3,89,193.9,87,268.4,121,12.8,4,1
DC,126,510,0,0,122.4,88,143.8,111,157.0,106,11.5,3,1
DC,126,415,0,0,161.4,110,220.6,125,249.2,78,5.1,2,0
TX,97,510,0,0,144.2,91,226.7,137,144.6,72,13.8,4,3
NJ,95,408,1,37,220.2,109,185.3,99,205.1,82,4.1,2,0
DE,87,510,0,0,256.2,105,160.7,102,249.4,80,7.4,2,4
VT,97,415,0,0,112.7,119,217.7,109,152.1,76,6.5,5,1
GA,76,415,0,0,299.5,125,226.7,92,210.7,134,13.7,4,0
TX,140,408,0,0,194.8,107,170.9,99,225.1,93,13.9,4,0
MT,169,415,0,0,100.8,112,230.0,69,193.6,95,9.5,2,0
ND,68,408,0,22,82.5,97,289.9,94,180.0,114,4.8,4,3
NJ,122,415,0,34,146.4,104,89.7,103,220.0,91,15.6,4,2
MO,36,408,0,0,177.9,129,224.6,87,306.3,102,10.8,6,2
CO,120,510,0,27,153.5,84,194.0,73,256.5,94,10.2,7,5
NC,64,408,0,19,180.1,106,127.5,92,237.4,118,7.5,3,0
MT,13,415,0,31,265.3,94,147.6,95,259.3,117,12.9,1,1
DE,106,415,0,0,128.6,83,134.0,114,210.6,113,11.4,2,0
VA,74,408,0,0,165.3,120,198.5,106,208.5,102,9.8,3,1
IL,83,415,0,0,195.0,92,210.5,83,180.6,92,11.0,13,0
OK,49,415,0,0,213.8,79,265.1,93,239.8,128,15.6,7,0
CO,111,510,0,24,205.5,114,219.3,99,215.9,95,14.0,4,1
MT,50,415,0,22,252.9,112,177.9,99,158.4,146,8.5,4,3
ME,88,415,0,0,192.0,91,127.6,127,155.6,125,7.5,5,1
WI,131,415,0,39,69.1,122,101.3,136,104.8,94,9.1,4,0
MO,79,408,0,0,261.7,97,210.6,48,256.7,83,6.0,3,3
NY,140,415,0,0,235.5,81,257.2,130,103.1,111,11.5,4,2
CT,105,408,0,0,213.4,100,204.9,52,179.7,93,9.5,6,1
WY,87,415,0,22,263.8,65,103.4,115,208.1,109,8.5,3,3
CA,96,510,0,31,183.4,126,195.5,106,180.1,93,10.5,5,1
AK,130,415,0,0,242.5,101,102.8,114,142.4,89,9.3,2,2
VA,34,415,0,0,151.0,102,131.4,101,186.6,86,9.9,7,0
CO,139,415,0,0,138.1,103,164.5,100,134.9,63,8.3,2,1
NE,63,415,0,0,211.2,80,237.7,93,259.2,58,12.3,2,0
VT,152,415,0,0,197.1,126,130.1,76,78.1,100,7.4,4,3
ND,147,408,0,0,205.3,95,166.7,128,240.6,84,7.8,4,1
GA,112,415,0,22,181.8,110,228.1,123,262.7,141,9.2,4,2
OR,120,415,0,0,252.0,120,150.2,106,151.8,96,9.6,1,2
WY,171,415,0,0,231.2,135,188.7,74,206.9,124,12.3,1,1
GA,101,415,0,33,200.1,108,188.9,122,205.1,90,15.5,4,0
IL,151,408,0,0,175.3,106,144.3,87,160.2,88,11.8,5,0
CO,60,408,0,0,125.1,99,248.8,62,211.3,79,11.2,3,3
MA,42,408,0,0,241.2,134,116.5,114,152.2,91,10.6,4,0
IN,84,408,0,0,217.1,99,236.0,68,118.3,120,9.4,4,1
NY,65,510,0,0,195.4,110,181.2,109,178.5,105,8.9,4,0
TX,75,415,1,0,222.4,78,327.0,111,208.0,104,8.7,9,1
NE,189,415,0,38,256.7,98,150.5,120,123.0,87,11.4,3,3
CO,63,415,0,32,30.9,113,187.0,113,230.8,101,8.6,7,1
SC,108,510,0,0,187.4,101,199.9,126,216.1,107,12.6,8,1
CO,71,415,0,0,277.5,104,131.8,121,126.9,101,8.2,2,1
MS,137,510,0,0,147.2,119,192.8,91,172.7,105,10.2,4,1
NE,82,408,0,0,185.8,36,276.5,134,192.1,104,5.7,7,4
MT,96,415,0,0,97.6,98,105.5,118,220.2,105,11.6,9,1
NH,37,415,0,0,206.0,89,186.0,88,307.1,86,8.4,11,0
IA,98,415,0,0,216.8,86,190.8,114,187.5,79,11.0,9,0
WV,121,415,0,0,103.3,110,129.1,82,167.1,113,10.7,3,0
RI,94,415,0,0,139.4,95,159.1,92,128.2,129,7.7,3,0
KS,99,415,0,0,191.2,110,163.9,102,243.6,114,14.1,3,1
MT,163,510,0,23,160.0,104,189.4,64,229.9,118,10.4,7,1
MO,161,510,0,0,221.7,95,193.0,82,194.1,113,6.5,4,3
HI,99,415,0,0,62.9,81,231.0,64,168.9,121,8.5,5,1
CO,108,415,0,0,215.6,78,195.3,119,194.4,65,3.6,5,1
CT,84,510,0,42,165.3,97,223.5,118,260.8,72,7.6,7,3
DC,139,510,0,0,203.2,81,152.5,99,197.8,76,9.7,3,2
TN,69,510,0,0,195.3,70,216.7,108,259.9,119,12.5,4,3
WY,129,510,0,0,143.7,114,297.8,98,212.6,86,11.4,8,4
MO,106,415,0,0,114.4,104,78.3,101,232.7,78,0.0,0,2
SD,168,415,0,22,175.9,70,211.7,105,174.5,81,7.3,5,2
GA,57,408,1,30,234.5,130,195.2,116,268.8,94,11.4,4,2
AZ,67,415,0,0,210.7,116,219.2,86,179.7,83,7.2,6,1
AK,127,408,0,0,182.3,124,169.9,110,184.0,116,9.3,3,1
AK,78,510,0,0,190.3,88,194.5,89,256.5,109,11.7,5,2
CT,100,415,0,38,177.1,88,163.7,108,242.7,72,7.4,2,0
KY,113,415,0,0,215.6,96,193.4,127,105.4,115,13.5,3,1
MI,78,510,0,0,137.4,109,237.6,49,206.7,136,14.0,11,3
OR,129,510,0,36,192.8,103,177.0,83,216.5,118,16.4,5,1
TN,57,510,0,0,149.3,100,200.2,110,231.7,101,11.9,3,2
WV,82,408,0,0,143.7,116,170.7,99,287.7,95,7.8,5,1
WY,94,510,0,0,271.2,105,202.6,105,221.6,51,11.5,3,3
WY,90,415,0,0,207.2,121,292.5,104,226.3,103,8.0,1,2
IN,48,510,0,0,300.4,94,133.2,103,197.4,94,7.2,5,2
NM,85,408,0,37,229.6,123,132.3,90,211.9,76,9.5,8,2
NJ,93,415,1,20,187.5,110,169.8,94,175.3,127,12.1,4,1
DC,169,415,1,0,57.1,98,199.7,78,274.7,103,6.5,6,3
UT,68,415,0,0,162.1,86,155.0,86,189.7,87,11.0,9,5
KY,91,415,1,0,145.0,89,175.8,102,223.7,151,16.7,3,2
KS,68,510,0,0,159.5,123,240.8,93,210.3,76,11.4,3,1
MI,101,510,0,0,190.7,72,208.6,103,203.8,111,8.8,8,1
UT,67,510,0,20,230.6,40,189.1,58,162.2,115,9.4,2,1
NE,66,415,0,0,34.0,133,278.6,61,129.6,120,11.5,3,0
FL,116,415,0,17,193.4,112,240.6,131,248.1,98,11.4,3,5
LA,158,408,0,0,202.0,126,163.5,86,195.4,84,10.4,6,1
MT,78,415,0,0,191.7,122,241.4,88,203.5,86,9.1,5,1
WA,119,415,0,26,161.3,97,250.3,110,142.4,92,6.6,8,1
MI,120,415,0,0,150.6,85,119.0,128,232.9,123,6.4,2,1
KY,155,510,0,0,184.6,102,196.0,117,226.5,122,7.8,1,1
LA,106,408,0,0,220.7,120,270.2,95,121.6,113,8.7,5,1
AL,146,415,0,32,154.0,80,185.5,91,148.2,107,8.2,4,3
MO,101,415,0,29,121.1,116,186.4,100,241.7,75,10.1,6,0
CO,22,510,0,23,182.1,94,164.6,59,128.8,102,12.7,4,3
NY,41,415,0,0,209.9,105,121.9,105,253.7,104,9.6,4,1
OR,69,415,0,0,167.5,76,242.1,92,101.2,103,11.4,4,2
WY,33,415,0,0,213.9,88,239.8,119,148.7,71,9.8,14,2
UT,112,415,0,0,115.8,108,243.3,111,184.6,78,13.1,5,1
NV,136,415,0,21,179.4,88,181.1,97,320.7,120,9.5,4,2
NC,128,510,0,0,187.3,84,270.8,95,206.4,68,10.1,5,1
NC,27,408,0,0,201.2,128,227.2,100,145.8,91,8.4,3,2
WY,161,415,1,0,189.6,78,267.4,117,184.5,137,1.3,6,1
FL,120,415,0,31,153.5,83,219.1,96,237.4,76,11.4,4,0
CA,113,415,0,0,187.6,97,208.2,118,158.9,101,8.7,6,2
PA,122,415,1,0,230.9,132,243.2,99,182.4,57,11.0,2,0
WV,148,415,0,26,244.9,150,118.0,138,236.0,91,15.2,4,2
NJ,74,415,0,0,230.9,93,223.0,78,157.8,101,9.7,2,3
MT,106,415,0,0,187.1,104,250.2,117,144.9,81,11.0,3,1
MN,179,415,0,0,170.7,54,191.1,108,214.6,107,13.3,4,1
ID,77,510,0,0,189.5,112,207.0,95,214.1,91,9.2,7,0
MA,127,408,1,0,176.9,110,167.9,100,182.2,138,7.7,2,1
OR,80,415,0,0,161.1,99,198.8,81,228.4,116,10.6,4,1
AL,61,415,0,20,254.4,133,161.7,96,251.4,91,10.5,4,0
ND,135,510,1,24,127.7,54,215.0,105,234.3,84,5.8,4,2
LA,115,415,0,26,170.5,107,217.2,77,225.7,71,13.6,5,6
MS,107,510,1,0,273.5,104,183.8,68,153.8,67,11.0,9,2
WV,112,415,1,0,161.9,138,200.9,114,134.0,134,10.7,4,1
KS,103,408,1,0,62.8,124,170.4,66,280.2,78,9.4,4,3
PA,69,415,0,0,228.2,70,263.7,80,142.6,60,10.7,5,3
SD,85,408,0,0,209.8,82,194.5,94,200.4,85,11.3,3,0
NJ,24,408,0,0,265.6,86,208.8,102,182.5,105,11.1,6,2
AL,90,415,0,0,214.9,97,117.8,117,133.7,78,11.8,2,2
ME,137,510,0,0,110.5,79,223.2,111,169.5,64,10.5,3,3
NV,69,510,1,33,271.5,98,253.4,102,165.4,85,8.2,2,1
WI,45,408,0,0,112.8,108,218.8,120,240.2,106,9.0,3,2
HI,73,408,0,0,187.3,118,239.7,90,167.5,108,15.1,2,1
DE,92,415,0,0,197.0,84,269.3,105,158.9,105,10.8,4,1
AZ,113,415,0,32,180.4,89,129.4,124,166.9,124,8.4,2,1
GA,135,415,0,22,197.1,113,259.4,95,134.7,135,14.6,5,2
AZ,100,415,0,26,153.7,115,137.8,146,213.5,104,15.9,5,1
MN,96,415,0,27,261.3,96,220.9,101,179.4,97,11.3,2,1
ME,108,510,0,0,246.2,102,202.4,134,180.1,95,9.4,5,1
FL,84,510,0,0,191.0,88,318.8,119,247.3,79,6.5,4,0
WA,134,408,0,0,208.3,86,253.6,89,291.0,86,12.6,3,1
MT,72,415,0,0,253.0,73,219.3,78,210.8,89,9.8,4,0
AL,83,408,0,0,202.3,87,201.5,111,101.7,82,6.8,4,0
WV,137,408,0,0,174.4,120,156.3,98,136.5,121,10.2,5,0
GA,56,415,0,30,127.1,89,172.1,116,194.6,111,12.1,3,1
OH,61,510,1,16,143.5,76,242.6,58,147.7,95,11.3,3,0
DE,171,510,0,17,186.9,94,240.0,138,200.9,64,5.8,3,1
FL,58,510,0,0,234.8,89,106.8,131,178.5,122,9.9,6,0
AK,156,510,0,0,123.7,96,103.0,80,189.4,82,13.1,4,1
WI,166,510,0,0,173.9,103,276.4,83,190.8,113,15.3,5,0
KY,75,415,0,0,314.6,102,169.8,86,285.1,100,5.7,3,2
OH,83,510,0,0,227.9,78,207.5,115,211.7,100,12.1,5,1
UT,243,510,0,0,95.5,92,163.7,63,264.2,118,6.6,6,2
MN,150,415,0,0,146.3,133,202.7,95,234.7,103,13.1,3,1
WV,92,510,0,16,184.0,99,76.4,134,185.1,96,12.7,3,2
MN,80,415,0,0,105.8,110,43.9,88,189.6,87,13.1,5,0
AL,134,415,0,0,178.0,110,153.8,64,236.6,105,11.7,4,1
PA,77,510,0,24,149.4,74,123.9,72,174.3,84,10.1,6,1
DE,147,510,0,0,209.4,104,132.5,78,149.4,123,11.3,3,2
MO,74,415,0,0,172.1,105,211.7,99,182.2,105,11.6,6,1
IL,138,510,1,0,169.3,82,217.9,147,184.2,77,9.4,9,1
HI,64,415,0,0,194.2,147,173.4,87,268.7,114,5.5,2,2
ME,120,510,0,0,198.8,56,230.1,73,119.8,81,9.9,3,2
CO,121,408,1,0,167.7,94,93.7,121,241.3,115,13.4,1,3
NH,88,415,0,0,202.2,86,216.8,93,239.4,99,11.8,2,2
FL,104,415,0,0,76.4,116,115.6,74,226.3,94,9.4,3,3
GA,27,510,0,0,72.7,75,208.6,117,65.8,71,9.9,3,1
IL,81,415,0,31,210.4,100,225.5,97,168.7,120,9.7,4,0
NC,64,510,1,33,127.2,93,162.9,104,247.4,109,8.1,13,0
VT,107,510,0,28,201.8,79,304.9,128,225.6,133,11.9,8,1
DC,88,415,0,17,219.5,78,222.1,94,188.3,92,16.1,5,1
VT,111,408,0,0,99.3,112,270.5,136,225.3,94,9.0,6,3
NV,77,415,0,0,239.2,114,150.0,115,160.8,81,10.3,2,5
OR,67,415,1,0,120.9,58,235.0,88,95.1,130,11.4,11,2
AL,102,408,0,0,224.7,81,129.4,112,167.6,109,15.8,6,1
ND,146,408,0,19,176.6,88,162.7,66,215.5,98,14.6,6,1
NE,96,415,0,0,180.6,92,190.9,114,295.6,125,10.3,4,1
ME,149,408,0,0,237.6,79,192.4,107,207.4,111,9.1,9,0
IL,129,415,0,0,198.4,91,264.7,106,111.4,101,9.2,2,2
WA,166,408,0,0,274.3,110,52.9,109,246.1,119,10.9,5,0
KS,149,510,0,0,217.7,91,273.5,74,226.9,99,9.6,3,3
RI,70,415,0,0,134.7,96,235.9,90,260.2,113,7.6,6,3
IA,66,510,0,0,256.3,135,180.2,106,187.3,135,6.2,7,2
NV,160,415,0,0,176.2,90,196.0,115,263.9,95,9.2,4,1
WI,129,415,0,37,205.0,94,165.4,103,185.0,81,11.7,8,1
AL,93,408,0,0,267.9,114,223.0,74,262.7,90,11.3,3,3
HI,169,415,0,0,179.2,111,175.2,130,228.6,92,9.9,6,2
MO,58,415,0,0,149.4,145,196.5,105,209.5,108,14.9,3,1
MO,45,408,0,0,207.6,71,152.7,94,217.8,125,12.4,13,1
CT,155,510,0,0,165.4,108,183.7,103,80.2,108,8.9,4,3
MD,52,415,0,0,209.8,114,171.3,82,154.6,119,9.9,9,4
OH,119,415,0,27,220.1,128,268.2,133,146.5,80,11.1,3,0
NV,86,510,0,0,141.3,72,154.3,95,210.6,91,8.2,5,1
MD,42,408,0,0,196.5,89,241.3,123,143.2,105,4.0,7,0
OH,123,408,0,0,105.0,150,251.6,90,258.0,93,14.9,5,0
MA,98,510,0,0,271.4,119,190.4,102,284.7,118,11.1,6,4
OK,149,510,0,43,206.7,79,174.6,122,241.5,80,10.9,3,1
MA,160,408,0,0,166.8,109,236.0,117,307.6,77,9.3,1,1
WA,103,415,0,0,204.9,107,135.2,102,208.2,106,10.4,3,5
HI,132,415,0,15,154.6,128,245.6,106,148.6,90,9.1,4,1
CO,137,415,0,0,127.0,107,323.2,75,143.9,127,7.5,2,1
FL,129,415,1,0,267.4,78,204.2,85,111.7,146,5.9,4,1
WI,62,415,0,0,281.0,66,160.6,108,77.9,74,0.0,0,1
WY,32,408,0,0,171.2,82,185.6,102,203.3,64,10.2,7,1
GA,86,510,0,0,124.1,82,202.6,120,289.6,119,6.7,8,3
FL,130,415,0,0,162.8,113,290.3,111,114.9,140,7.2,3,1
WY,42,408,0,0,146.3,84,255.9,113,45.0,117,8.0,12,1
DE,73,415,0,0,254.8,85,143.4,80,153.9,102,15.0,7,2
ME,66,408,0,26,254.9,108,243.2,135,190.8,95,5.4,3,2
DC,103,510,0,31,107.7,124,188.9,104,196.2,98,8.9,3,0
IA,128,408,0,0,158.8,75,264.8,91,270.0,77,7.6,7,1
CO,104,415,0,0,182.9,113,239.6,85,229.8,104,5.5,4,2
MN,103,415,0,0,198.5,112,42.5,90,179.2,124,12.4,5,0
AZ,87,510,0,0,110.9,91,158.5,115,207.5,131,6.2,5,1
LA,109,415,0,27,166.9,85,221.2,92,197.3,97,12.3,4,1
ME,97,510,0,0,120.8,96,169.8,101,194.1,63,11.9,3,4
MD,106,415,0,0,165.3,118,210.0,101,187.2,93,8.5,3,2
VT,125,415,0,0,126.7,113,155.5,131,206.2,112,14.4,7,2
DC,108,408,0,35,215.9,106,200.6,107,195.4,107,15.5,7,0
WY,125,415,0,0,140.1,132,209.6,126,264.1,77,8.0,2,1
VA,72,510,1,29,139.8,114,138.2,91,221.0,88,5.5,6,0
CT,23,510,0,0,321.6,107,251.6,115,141.1,158,11.3,3,2
HI,149,510,0,0,166.6,61,218.8,107,208.3,131,8.2,6,7
WI,73,415,0,0,214.2,90,196.8,78,157.9,112,5.9,8,0
MD,61,415,0,0,260.0,123,210.5,127,234.7,70,9.0,3,1
WV,161,415,0,0,191.9,113,70.9,87,204.8,107,13.4,4,4
UT,118,415,0,24,118.1,83,109.6,72,245.5,73,16.9,2,1
CO,23,408,0,0,190.2,89,166.4,108,219.8,73,15.0,4,6
NC,127,415,0,25,82.2,95,163.3,109,264.9,104,5.1,6,0
NJ,42,415,0,32,163.8,80,177.8,123,190.4,106,8.1,5,0
AR,118,415,0,0,267.8,145,316.4,121,208.6,91,14.4,11,5
IA,45,510,0,0,159.8,91,120.4,86,163.0,93,10.6,3,2
GA,50,408,0,24,214.3,129,289.8,55,312.5,130,10.6,4,1
MO,179,510,0,0,287.3,123,288.0,114,266.0,112,10.5,4,0
MO,152,408,0,0,101.2,122,141.6,87,198.5,124,7.5,3,2
WY,105,415,0,0,102.8,74,281.7,125,228.1,113,13.2,5,2
HI,72,415,0,0,109.1,97,115.7,96,295.8,84,8.3,6,0
PA,52,408,0,0,215.9,67,217.0,108,342.8,130,5.2,2,1
TX,125,415,0,0,203.4,110,128.7,97,190.5,113,11.0,4,1
VA,143,510,0,0,110.1,113,169.0,59,166.7,94,9.2,2,1
RI,65,415,0,0,111.0,51,219.8,84,202.0,89,4.4,14,1
WI,80,415,0,0,239.9,121,142.3,51,364.3,106,9.3,5,1
NC,43,415,0,0,84.2,134,80.8,103,196.1,79,10.8,2,1
NV,143,415,0,0,209.1,127,106.1,80,179.6,90,14.0,6,0
UT,81,415,0,24,130.1,117,196.0,61,139.3,123,11.4,5,0
ME,205,510,0,24,175.8,139,155.0,98,180.7,64,7.8,5,2
HI,24,415,0,0,241.9,104,145.2,112,214.5,105,6.6,5,1
OH,74,415,0,0,136.7,106,228.6,105,265.3,114,9.8,4,0
OK,74,415,0,0,200.4,87,309.2,105,152.1,118,10.0,2,1
KY,74,510,1,0,125.8,103,207.7,96,207.4,143,14.1,4,1
AL,200,408,0,0,128.2,87,133.2,105,177.6,123,11.2,2,1
MD,86,408,0,0,226.3,88,223.0,107,255.6,92,13.0,3,4
NE,91,510,0,37,162.3,107,233.9,115,277.4,94,9.2,4,0
TX,130,415,0,0,120.5,127,189.7,52,270.1,107,14.3,2,1
OH,56,408,0,0,91.1,90,179.3,115,300.7,89,11.9,8,2
DE,117,415,0,0,168.8,137,241.4,107,204.8,106,15.5,4,0
VT,126,415,0,0,226.2,88,140.3,114,208.9,110,6.4,2,0
OR,132,510,0,0,191.9,107,206.9,127,272.0,88,12.6,2,1
NV,81,415,0,28,167.9,147,190.7,105,193.0,103,9.2,6,4
NC,122,415,0,0,180.0,88,145.0,77,233.7,120,11.5,6,2
NJ,46,408,0,0,257.4,67,261.1,91,204.4,107,13.4,5,2
ID,99,408,0,0,159.7,83,155.4,121,255.7,114,8.4,3,1
AL,87,408,0,0,237.2,124,222.6,87,173.3,81,11.0,3,1
AK,108,415,0,0,103.0,129,242.3,103,170.2,89,7.9,3,1
PA,53,415,0,0,205.1,86,160.5,95,149.5,142,10.7,2,3
NV,144,415,1,0,150.0,69,285.9,73,190.6,121,9.4,15,0
AL,91,510,0,23,232.4,97,186.0,88,190.5,128,12.3,3,3
GA,58,408,0,0,165.4,100,115.7,87,193.8,118,12.8,5,2
AR,5,415,0,0,199.2,106,187.3,12,214.0,85,13.3,3,3
MA,97,408,0,0,217.6,81,320.5,51,150.7,110,4.2,3,0
MO,142,415,0,30,154.0,75,165.8,97,270.0,83,10.8,5,1
NY,9,408,0,31,193.8,130,202.6,98,191.2,102,13.3,2,1
AZ,73,415,0,0,175.4,130,248.1,105,122.4,85,12.2,4,0
WV,43,408,0,0,230.2,147,186.7,121,128.4,100,9.2,3,0
NM,122,408,0,33,174.9,103,248.2,105,164.6,116,13.5,3,1
SC,93,415,0,0,190.2,68,262.2,64,130.0,92,8.8,4,0
VT,85,415,0,0,176.4,122,224.9,123,219.6,50,11.5,1,1
LA,87,415,0,0,228.7,90,163.0,99,154.1,90,11.8,3,1
OH,137,408,0,0,144.0,90,181.6,100,128.1,93,12.3,2,0
OR,21,510,0,31,135.9,90,271.0,84,179.1,89,9.5,7,6
KY,104,415,0,0,130.5,77,131.2,117,264.7,63,13.0,6,0
GA,93,408,0,21,134.2,105,162.5,128,186.6,90,11.8,2,4
VT,63,415,0,0,278.0,102,266.4,114,224.1,118,13.1,4,4
OR,161,415,0,0,105.4,70,214.8,122,223.6,126,7.8,5,0
MO,103,408,0,24,111.8,85,239.6,102,268.3,81,6.9,4,1
ND,84,415,0,33,159.1,106,149.8,101,213.4,108,13.0,18,1
MN,92,510,0,0,212.4,105,224.6,118,221.3,105,9.0,4,1
NV,77,415,0,0,142.3,112,306.3,111,196.5,82,9.9,1,1
NY,64,415,1,0,346.8,55,249.5,79,275.4,102,13.3,9,1
FL,159,415,0,15,113.9,102,145.3,146,195.2,137,11.8,9,1
KS,110,415,1,27,267.9,103,263.3,74,178.1,106,8.3,2,1
NV,138,510,0,0,171.4,117,115.2,128,224.5,115,17.0,4,3
NV,178,408,0,0,275.4,150,187.5,62,147.1,126,13.6,3,1
SC,38,415,0,31,197.2,118,249.9,70,298.9,104,3.9,2,0
MI,45,510,0,26,91.7,104,150.6,119,63.3,103,7.7,5,1
TN,70,510,0,0,126.3,99,141.6,106,255.9,96,9.6,2,0
NY,147,510,0,33,251.5,107,234.1,110,213.4,87,10.4,6,3
NV,94,510,0,0,190.6,108,152.3,95,144.7,97,7.5,5,1
IL,179,510,0,0,116.1,101,201.8,99,181.9,103,11.6,5,0
ND,59,510,0,0,179.4,80,232.5,99,175.8,105,14.7,3,0
NC,165,415,0,0,207.7,109,164.8,94,54.5,91,7.9,3,0
MI,133,408,0,0,277.3,138,228.4,117,117.3,103,12.8,4,2
TN,140,415,0,0,125.3,84,167.6,121,260.6,94,8.4,4,1
VT,93,408,0,32,138.1,91,167.3,72,238.9,115,6.8,3,2
DE,64,415,0,27,201.3,101,143.8,89,150.2,127,12.3,3,1
OR,48,415,0,0,190.4,92,317.5,85,133.4,113,8.3,4,2
NY,181,408,0,0,143.3,91,195.5,58,223.3,95,6.0,7,1
MO,168,415,0,42,97.4,57,203.6,98,173.9,124,11.4,2,2
FL,155,415,0,0,181.4,111,167.7,92,168.5,122,11.3,3,3
NY,11,415,0,0,143.4,130,289.4,50,194.0,100,9.7,6,2
ND,182,415,0,0,104.9,111,198.5,120,258.2,91,8.0,5,2
OH,102,415,0,0,114.8,125,81.9,126,304.3,101,12.0,4,0
AL,122,415,0,0,232.5,96,205.5,120,213.7,91,11.9,2,0
SC,41,415,0,0,143.6,117,152.4,108,194.4,110,8.6,3,1
GA,132,415,0,0,176.7,132,244.1,80,176.3,120,9.1,4,2
WY,76,415,0,0,263.4,148,230.3,69,170.6,101,11.4,5,1
HI,115,415,0,33,145.0,72,194.5,157,242.3,138,14.2,3,2
LA,154,510,0,0,166.9,99,154.9,97,189.4,89,7.2,5,0
AR,100,510,0,0,142.5,87,195.7,88,122.1,117,7.8,8,2
AK,146,510,1,0,133.0,65,262.8,93,214.3,128,11.2,3,1
AL,67,415,0,28,95.0,94,291.2,73,159.6,114,10.0,2,2
UT,161,510,1,0,194.2,106,249.4,105,254.9,129,12.9,1,1
KS,70,415,0,0,222.8,114,215.9,113,223.5,122,0.0,0,1
VA,99,415,0,42,216.0,125,232.3,104,215.5,100,9.3,4,2
UT,87,415,0,0,146.3,108,171.8,102,167.5,66,5.3,9,1
IN,87,510,0,0,234.8,85,140.9,91,204.3,93,9.5,5,1
CT,70,408,0,0,198.6,111,213.9,115,171.2,105,10.6,6,2
MO,119,408,0,32,142.6,77,208.2,126,171.0,102,12.0,2,3
RI,87,510,1,0,134.2,80,165.0,71,173.1,102,10.7,5,0
CA,112,415,0,0,111.9,92,114.0,143,146.8,79,14.1,3,5
RI,75,415,0,0,122.8,89,211.3,104,261.4,91,10.7,2,2
CT,150,510,0,0,189.3,77,220.9,105,238.7,117,9.2,5,4
IN,161,510,0,38,240.4,112,201.8,102,206.1,112,16.1,6,0
FL,91,510,1,24,93.5,112,183.4,128,240.7,133,9.9,3,0
KS,124,415,0,0,158.6,104,211.2,77,179.3,104,10.2,8,3
RI,158,510,0,0,220.9,129,242.2,108,233.3,75,6.4,5,0
NV,102,415,0,0,144.4,87,266.5,128,217.6,59,7.1,7,0
UT,85,510,0,0,212.3,107,228.4,103,163.3,116,7.7,3,0
OK,79,510,0,0,147.0,72,165.7,102,243.2,107,8.4,9,1
MN,139,510,0,25,96.2,112,178.9,70,182.1,84,12.9,10,2
NC,103,415,0,0,263.4,118,179.1,69,214.7,112,10.3,2,0
OR,98,415,1,0,12.5,67,256.6,90,169.4,88,7.7,9,1
NH,78,408,0,0,162.3,116,192.4,86,240.6,100,10.1,3,2
AK,50,408,0,0,183.6,107,58.6,118,202.6,99,8.7,3,1
WV,86,415,0,38,123.0,158,133.9,119,138.2,103,13.3,4,1
GA,92,510,0,0,208.0,125,198.9,76,76.4,97,8.6,6,0
NM,174,415,0,0,239.2,72,188.5,124,105.6,116,8.8,3,1
OH,124,510,0,0,193.0,97,89.8,99,172.8,104,15.3,3,1
RI,190,415,0,26,116.7,71,145.9,88,175.1,103,9.9,3,1
HI,101,510,0,0,93.8,127,150.0,104,241.1,116,10.7,2,1
WY,185,415,1,30,154.1,114,118.7,106,258.4,105,12.9,3,2
NY,68,415,0,29,239.5,82,203.8,105,167.8,70,9.9,6,0
KS,117,510,0,25,216.0,140,224.1,69,267.9,112,11.8,4,0
LA,118,408,0,0,187.4,97,177.8,89,233.4,97,12.2,6,1
PA,124,415,0,0,167.4,119,233.2,143,109.6,115,10.3,5,0
NV,22,510,0,0,160.4,108,218.1,88,192.9,115,12.5,4,1
MN,75,415,0,0,143.2,92,209.1,142,173.0,96,11.9,9,1
MO,164,408,0,25,219.1,88,151.5,99,50.1,60,14.3,6,1
ME,177,415,0,0,232.8,106,175.2,97,212.2,77,12.5,7,2
NH,110,408,0,0,162.0,81,247.5,89,155.5,99,8.9,8,0
MN,158,408,0,0,209.9,112,221.3,82,210.0,93,8.2,3,1
OH,114,415,0,0,191.5,88,175.2,78,220.3,118,0.0,0,0
NC,64,408,0,19,291.1,150,226.7,123,219.1,67,7.5,2,1
KY,111,415,0,0,255.9,97,204.1,129,171.3,84,12.3,5,3
MT,60,408,0,0,252.7,97,221.1,121,109.9,100,12.4,4,2
NJ,113,408,0,0,132.1,72,247.5,107,246.2,123,6.9,6,3
FL,109,408,0,0,217.0,115,207.0,142,268.0,106,8.2,4,1
IN,105,510,0,42,101.9,79,223.1,97,241.6,77,12.9,2,0
DE,85,510,0,0,211.5,100,184.6,88,164.3,131,13.3,4,2
AL,131,510,0,0,153.4,86,198.5,81,164.4,83,10.4,3,0
ME,59,510,0,0,166.3,95,239.3,87,123.2,108,10.0,3,2
SD,148,408,0,0,185.2,87,170.4,96,165.1,104,9.5,13,1
VA,210,408,0,0,104.6,121,149.5,71,255.1,67,6.5,8,2
ID,106,510,0,0,274.4,120,198.6,82,160.8,62,6.0,3,1
KY,57,415,0,29,279.9,121,223.1,109,251.7,94,13.0,2,1
ND,98,510,0,0,187.2,127,195.6,88,181.8,129,5.1,4,1
HI,157,415,0,0,276.2,95,165.8,119,151.6,79,2.2,4,3
WI,116,415,0,35,200.4,104,272.8,89,214.5,100,8.3,4,1
WV,30,510,0,0,162.3,96,244.0,122,180.1,89,9.1,4,2
NJ,111,510,0,0,176.9,128,102.8,56,213.7,84,10.5,2,4
KS,52,415,0,0,165.5,78,205.5,89,213.6,124,12.2,6,0
NJ,135,510,0,28,201.4,100,246.5,117,154.8,131,12.9,4,2
NC,86,510,0,0,190.5,115,179.6,130,258.5,89,10.1,5,3
WY,151,510,0,0,235.9,104,80.6,91,212.8,116,5.8,2,3
NY,117,415,0,0,144.6,115,258.8,66,253.2,113,7.4,9,2
ID,82,408,0,0,101.0,93,155.6,104,304.4,93,13.3,2,0
IA,152,415,0,0,206.3,98,292.8,82,43.7,121,10.6,4,1
TN,108,408,0,15,165.1,85,267.0,93,250.7,114,10.9,4,1
OH,98,408,0,0,165.0,129,202.6,113,172.3,94,12.5,7,1
MA,47,415,0,0,155.3,116,188.2,85,247.0,73,12.3,4,3
OK,189,415,0,0,208.3,106,236.7,123,179.1,120,11.3,5,3
NE,159,415,0,0,189.1,105,246.1,147,242.0,106,10.4,5,1
VA,11,408,0,24,131.5,98,230.2,111,283.7,87,10.0,3,2
MT,111,408,0,0,142.3,75,122.8,106,229.5,94,12.8,9,2
VT,99,408,0,19,87.7,103,223.0,86,182.3,112,7.3,4,2
VA,114,415,1,31,174.5,104,224.2,92,116.3,91,12.3,10,2
AL,71,415,0,0,103.3,103,138.5,79,164.8,98,9.0,2,2
AL,100,408,0,25,246.6,94,141.4,112,189.8,109,13.0,5,1
WV,83,415,0,37,78.5,109,210.5,101,179.7,102,11.8,4,1
NV,64,408,0,0,148.1,73,164.9,101,216.0,125,12.3,2,5
TN,105,408,0,0,206.2,84,256.4,138,117.1,91,9.0,3,1
ID,144,415,0,33,251.6,87,197.6,118,209.2,97,12.2,3,2
WY,106,415,1,26,270.3,111,215.2,90,254.0,133,14.4,7,1
TX,19,510,0,34,156.6,97,224.2,97,260.9,135,11.3,1,1
MA,46,408,0,0,139.4,81,223.7,113,173.1,77,13.6,6,1
IL,127,510,0,0,220.2,108,188.4,124,172.7,113,11.7,3,2
LA,9,415,0,39,214.1,108,169.2,115,189.7,117,10.1,3,1
CO,157,415,0,0,196.0,74,213.4,96,196.8,81,7.9,6,1
UT,105,415,0,0,106.4,71,240.1,83,147.7,114,5.3,4,6
ID,31,415,0,0,177.3,129,152.8,105,162.9,92,5.1,2,0
MN,95,408,0,32,262.2,123,165.2,82,194.3,57,10.6,5,0
GA,132,415,0,0,193.3,106,128.3,94,162.1,119,11.6,4,5
HI,119,408,0,24,217.2,94,138.7,52,139.3,85,11.3,4,0
AL,16,408,0,0,209.5,89,172.8,85,94.1,102,8.8,4,1
CT,99,408,0,0,95.4,105,207.2,101,136.0,117,5.6,5,1
CO,76,408,0,26,214.6,110,205.2,87,134.6,140,8.1,2,1
KS,167,415,0,0,131.6,120,211.3,96,168.3,97,11.1,4,4
NJ,129,415,0,0,168.4,117,217.1,129,81.6,100,11.8,7,1
FL,116,408,0,0,146.4,123,176.6,113,212.6,102,7.8,5,1
CA,60,415,1,0,183.0,110,206.7,93,203.8,119,11.1,6,1
TX,47,408,0,28,112.2,70,154.8,106,166.7,105,10.6,2,0
MN,40,510,1,0,170.7,55,179.1,108,281.9,89,8.2,9,3
AK,173,510,0,0,172.5,78,142.6,91,102.0,63,10.9,2,0
OR,157,510,0,30,194.3,107,243.2,108,322.2,114,7.1,5,1
MS,66,408,0,32,187.8,117,129.8,90,132.3,113,12.0,3,2
VT,50,415,1,26,307.1,94,289.4,78,174.9,109,8.0,3,0
UT,72,415,0,0,118.2,106,167.2,136,214.2,106,12.2,3,3
KS,130,510,0,0,154.0,95,205.9,106,233.7,75,12.9,1,1
NV,143,408,0,0,155.5,101,213.4,89,237.9,61,7.6,11,1
TX,32,408,0,0,157.9,88,180.8,132,132.5,102,12.8,3,1
MA,166,415,0,0,203.4,81,167.7,110,132.0,124,9.2,5,2
CA,72,408,0,39,92.8,98,271.2,115,167.1,83,5.8,7,1
IA,134,415,0,32,216.8,78,102.2,111,174.0,83,8.6,2,0
NH,13,415,0,0,193.2,89,194.4,90,186.5,104,9.7,2,4
GA,90,415,0,0,113.2,108,189.3,63,271.8,124,14.1,4,3
WI,111,415,0,36,166.2,54,238.8,109,108.8,92,11.2,2,3
CO,101,408,0,23,262.2,101,157.0,80,129.1,100,7.3,14,1
SC,72,415,0,0,207.8,92,195.7,110,184.8,124,13.1,4,0
MI,67,510,0,35,245.4,89,148.2,102,274.0,136,7.5,6,1
MD,172,408,0,0,287.1,108,178.4,125,153.2,98,14.4,2,3
IN,154,510,0,32,192.3,82,165.3,134,205.0,74,9.0,1,2
ME,69,510,0,0,194.2,122,242.1,81,215.8,80,9.7,3,2
DC,123,415,0,0,211.0,92,217.0,102,214.8,104,9.8,7,3
TN,130,415,0,12,141.9,92,228.9,102,195.1,101,8.7,5,0
FL,142,415,0,26,220.5,94,239.5,126,254.3,109,5.9,9,2
HI,87,408,0,28,143.5,106,223.5,147,175.4,69,11.2,5,0
NE,149,415,0,0,156.0,56,56.0,116,163.3,104,8.9,8,0
TN,146,408,1,0,160.1,63,208.4,112,177.6,98,9.2,3,2
MD,88,415,1,0,235.1,98,251.8,79,285.9,76,7.2,2,4
VT,48,510,0,0,188.4,63,165.9,89,205.7,71,13.2,2,1
OR,135,415,0,0,194.8,97,235.3,118,174.4,126,11.0,3,1
IN,100,510,0,0,247.8,117,130.0,95,134.3,125,6.9,2,1
MO,98,415,0,0,221.2,80,213.6,104,291.8,89,11.9,3,4
FL,75,510,0,26,118.5,86,213.9,118,132.6,99,13.4,3,2
DC,180,415,0,33,231.8,78,232.9,79,206.9,121,7.6,4,1
VT,100,415,0,25,215.9,90,257.9,92,180.2,157,11.6,4,1
OH,119,415,0,35,217.1,92,220.8,134,249.5,93,8.0,5,2
LA,155,408,0,39,183.3,106,205.1,101,263.7,90,5.1,7,1
IL,78,415,1,0,236.8,141,265.3,101,152.4,77,9.5,2,1
NJ,153,415,0,0,193.8,90,195.3,121,182.7,108,8.5,3,1
NE,154,415,0,0,191.4,93,205.4,119,205.7,121,10.2,3,3
WV,48,408,0,0,275.2,67,180.2,108,159.0,110,7.9,2,1
ND,94,408,0,0,174.0,85,241.1,114,207.8,94,7.9,1,1
UT,139,415,0,0,165.0,132,249.7,86,170.3,128,12.6,8,1
MS,126,415,0,0,228.7,102,168.7,99,223.5,100,11.8,4,1
MN,122,415,0,0,107.9,88,235.8,109,228.6,119,9.5,3,2
KS,131,415,0,28,249.6,87,227.2,138,239.9,92,7.6,3,3
KS,36,510,0,0,178.6,83,213.1,103,198.0,119,10.9,5,1
NV,180,510,0,0,139.0,96,224.9,64,170.8,118,15.7,5,2
MT,25,415,0,0,134.3,98,202.3,109,195.9,100,12.6,5,2
AK,120,415,0,0,178.4,97,168.3,113,120.5,93,9.3,9,1
AR,109,510,0,0,170.7,101,240.2,82,119.0,112,11.4,4,2
LA,162,510,0,33,184.5,139,183.2,78,127.4,106,12.3,6,0
KS,124,510,0,37,161.2,109,204.2,79,231.5,87,8.9,4,1
OR,177,408,0,0,84.9,77,257.5,109,210.5,66,7.5,5,2
WI,91,510,0,0,217.9,71,230.1,116,232.1,110,10.6,2,1
CO,105,408,0,0,270.9,98,226.2,110,178.8,60,8.8,5,0
KS,24,510,0,0,243.0,91,183.9,77,184.3,109,15.3,6,0
IA,86,408,0,0,126.3,115,168.8,112,154.6,95,9.8,7,2
NE,91,510,0,0,159.0,109,255.1,142,82.4,73,10.1,4,0
OH,147,415,1,24,219.9,118,208.5,116,352.5,111,8.1,4,3
TN,108,510,0,34,162.1,83,171.8,117,259.8,76,9.6,3,4
OK,159,510,0,0,198.8,107,195.5,91,213.3,120,16.5,7,5
ND,136,510,1,0,256.8,90,230.1,104,143.6,82,9.1,10,3
NC,45,408,0,38,196.8,92,254.2,108,261.8,85,7.7,2,1
MN,122,415,0,0,140.1,120,231.4,128,188.1,127,11.2,5,2
MN,138,415,0,0,194.3,83,189.9,97,232.2,102,9.0,3,5
MA,132,415,0,0,117.6,66,214.0,108,239.5,94,8.8,5,1
GA,58,510,0,0,243.1,105,231.4,108,180.9,120,7.8,4,2
NV,81,415,0,0,145.4,132,129.3,91,186.4,109,5.2,4,1
TX,87,415,0,0,169.1,105,169.9,102,244.9,106,9.9,10,3
ME,116,510,0,0,229.3,93,184.5,111,168.2,91,8.8,3,2
MN,62,510,0,33,186.4,84,201.0,136,286.7,103,11.1,3,2
TN,98,415,0,0,162.8,65,185.0,109,219.5,104,6.0,3,2
RI,107,510,1,0,194.4,83,247.8,84,245.4,93,11.2,7,2
NC,30,510,0,0,145.0,76,240.7,112,197.1,134,7.1,4,3
MA,40,408,0,31,224.7,69,134.5,81,120.3,104,7.5,5,1
TN,72,408,0,0,147.0,79,162.3,103,162.9,80,10.5,4,1
WY,95,415,0,39,260.8,130,213.4,111,195.6,97,10.1,5,1
IA,42,415,0,0,155.4,127,164.1,45,157.7,128,9.0,3,0
IN,86,415,0,0,166.2,112,255.3,81,228.1,97,5.4,7,1
FL,55,510,0,45,130.5,114,208.4,94,141.6,114,11.0,5,4
MT,74,415,0,0,162.7,102,292.0,105,183.3,80,8.7,6,0
ND,81,408,1,37,237.1,76,264.2,125,271.3,120,7.9,3,1
MI,81,408,0,0,166.2,102,217.6,112,220.2,68,13.2,2,4
MT,28,415,0,0,121.7,48,125.8,112,261.6,122,8.3,2,6
AL,111,510,0,0,176.4,62,201.0,124,150.4,138,11.2,2,0
NV,3,510,0,27,67.4,116,244.0,78,281.1,93,11.4,2,2
FL,68,415,0,24,176.0,118,277.9,116,174.7,71,14.7,7,1
NY,163,408,0,0,247.7,77,269.5,108,167.3,82,9.6,7,0
KS,87,510,0,0,115.4,90,262.6,68,245.7,69,13.1,5,2
NC,58,510,0,0,112.2,95,209.6,108,260.9,78,13.9,1,0
MN,109,408,0,0,162.6,138,154.0,109,209.7,118,11.5,4,0
RI,111,415,0,0,229.4,107,214.1,99,289.6,95,10.4,6,4
UT,144,415,0,0,139.6,96,124.2,93,95.6,75,15.0,4,2
OR,135,415,0,0,263.8,66,251.3,116,200.1,112,8.4,2,5
SC,109,415,0,46,217.5,123,233.7,84,163.9,99,9.0,3,4
IL,107,415,0,14,114.3,132,199.8,91,194.7,74,7.5,8,1
OH,149,408,0,0,196.3,108,136.8,96,154.7,87,7.7,3,2
MA,56,510,0,0,253.2,95,188.0,116,142.0,133,4.4,4,1
OR,129,408,0,0,98.0,99,240.7,62,254.8,123,10.5,4,0
CA,92,408,0,0,249.4,118,211.5,95,169.0,116,9.1,3,0
WV,67,415,0,30,129.6,107,233.0,104,297.0,93,14.5,5,1
VT,120,415,0,0,221.3,106,267.6,98,111.5,80,9.3,7,0
GA,76,408,0,0,203.6,61,161.7,127,175.9,97,8.4,3,0
ME,79,415,0,0,213.6,110,234.9,121,229.6,157,8.8,3,2
HI,98,415,0,31,181.6,112,220.7,100,236.3,121,12.9,4,2
AZ,141,510,0,22,215.4,123,328.7,98,160.5,89,7.8,6,1
IA,46,510,0,0,199.2,111,175.1,83,210.6,84,10.2,2,3
CT,137,415,0,0,115.0,130,137.8,83,224.0,61,7.3,4,3
WA,171,408,0,0,270.5,69,230.0,112,136.0,111,9.6,5,1
VA,10,415,0,0,222.2,127,153.1,125,227.4,80,12.9,4,1
CO,88,510,0,0,61.9,78,262.6,114,212.5,110,8.8,2,3
TX,82,415,0,0,189.2,81,184.4,117,255.8,83,10.6,5,3
SD,139,510,0,0,196.0,135,186.0,146,153.0,92,9.8,1,3
VA,87,415,0,0,171.6,119,205.0,107,170.6,114,13.8,4,0
NY,137,415,1,0,174.0,123,161.3,115,260.7,98,11.4,3,2
WA,45,510,0,0,78.6,106,187.3,110,184.2,111,7.4,5,1
TN,103,415,0,0,141.3,123,253.6,87,215.8,96,6.4,2,1
CT,100,415,0,0,235.8,130,176.0,69,63.6,122,7.3,1,2
WA,110,510,0,0,185.1,100,165.1,88,111.6,104,6.3,4,3
NH,124,415,0,0,254.3,113,78.9,104,153.2,69,11.8,2,2
MT,10,510,0,0,183.0,103,214.8,77,206.4,73,8.7,6,2
NE,89,415,0,29,163.5,80,274.8,136,381.9,147,7.5,5,2
WA,121,408,0,0,207.9,98,210.5,96,109.6,114,7.7,2,2
WI,101,415,0,0,248.6,102,174.9,93,207.2,86,6.1,3,3
AR,103,415,0,31,185.4,105,197.6,126,147.1,110,14.5,4,2
WI,51,408,0,0,197.8,60,221.0,64,168.6,134,8.9,5,1
DE,2,415,1,0,132.1,42,138.9,88,192.6,119,9.1,1,2
NH,111,510,0,0,197.1,117,227.8,128,214.0,101,9.3,11,0
VA,118,415,0,0,154.6,112,184.2,105,217.4,102,12.6,5,2
TN,17,510,0,31,153.1,115,185.9,59,224.3,102,10.0,1,6
VA,130,408,0,0,211.2,119,231.1,120,220.9,80,6.3,9,2
AZ,137,415,0,0,141.1,91,147.2,100,254.7,75,8.0,7,2
MT,185,408,0,29,151.1,121,244.7,88,154.4,91,13.8,2,2
OK,101,408,0,0,209.6,107,228.8,96,172.4,85,7.6,2,3
ID,95,415,0,32,247.0,109,125.6,91,226.5,90,10.5,4,3
KS,126,408,0,0,321.3,99,167.9,93,193.6,106,8.0,4,1
MS,124,415,0,0,251.5,85,214.2,98,186.1,71,11.1,6,3
WY,97,510,1,0,236.9,107,157.6,105,241.0,120,7.3,2,0
TX,28,415,0,0,159.7,79,216.7,131,206.7,116,9.3,3,2
WA,90,415,1,0,148.2,96,220.4,111,134.2,97,9.2,1,4
HI,190,408,0,0,150.9,86,268.6,129,179.9,73,14.7,1,1
AK,52,415,0,24,170.9,71,201.4,80,159.0,124,4.1,5,2
MD,73,510,0,0,254.7,80,90.2,79,153.4,60,10.6,8,0
SD,98,415,0,0,0.0,0,159.6,130,167.1,88,6.8,1,4
PA,106,408,1,0,133.7,45,187.8,107,181.9,89,10.7,2,1
NC,111,408,0,0,224.9,117,191.9,127,229.9,97,10.3,3,0
VT,59,408,0,0,151.8,98,209.9,92,266.9,86,11.9,5,1
KY,71,510,0,22,141.4,107,163.0,105,220.0,99,5.6,3,2
WA,55,408,0,0,285.7,124,230.9,106,230.7,140,14.8,7,0
LA,13,415,0,0,58.4,121,262.2,64,159.0,115,11.9,5,1
WA,136,415,0,16,90.4,105,201.3,109,227.1,115,13.1,4,0
ME,123,408,0,0,114.4,91,216.6,123,250.6,102,11.0,3,0
WI,105,408,0,0,147.7,103,222.7,78,163.5,102,12.8,3,2
TX,50,408,0,31,302.7,93,240.5,119,193.9,103,13.6,14,3
IA,118,415,0,0,136.1,120,204.2,103,228.2,90,11.3,4,1
VT,73,415,0,0,217.8,91,220.6,97,277.3,89,10.3,6,1
HI,35,415,0,0,124.2,102,123.9,115,135.7,100,13.1,8,2
WY,64,415,0,0,206.2,76,232.4,76,251.6,96,13.6,2,1
WV,63,510,0,0,132.9,122,67.0,62,160.4,121,9.9,2,3
OK,117,415,0,31,104.9,115,237.6,125,263.4,104,7.7,6,3
CT,115,415,0,0,245.0,97,250.7,75,270.2,124,13.7,8,1
UT,162,408,0,0,184.5,118,224.0,95,180.5,82,11.6,3,1
NY,89,415,0,0,89.5,66,179.3,104,225.1,116,12.3,1,3
VA,94,415,1,0,235.6,131,194.8,107,170.6,93,8.6,4,1
VT,129,408,0,0,186.0,127,262.3,96,98.9,63,11.5,6,4
PA,96,510,0,0,179.5,125,162.3,139,264.5,133,6.6,2,1
SC,108,415,0,0,112.0,105,193.7,110,208.9,93,4.1,4,4
MI,97,408,0,32,168.4,129,225.9,97,191.8,95,8.5,7,0
VT,84,415,0,42,214.3,112,188.2,107,333.5,117,11.3,10,0
OH,65,415,0,0,245.7,139,241.9,113,285.3,117,4.2,5,4
VT,131,415,0,34,156.6,134,71.0,95,261.7,120,13.4,10,1
IL,58,415,1,43,142.8,96,272.3,100,193.4,105,8.9,4,1
WI,54,415,0,0,116.8,119,123.1,123,217.5,101,12.0,2,1
GA,125,415,0,39,236.1,107,289.2,110,175.4,107,9.1,4,2
VT,72,415,0,21,138.1,113,260.1,83,135.4,118,8.2,2,2
CT,141,408,0,0,51.9,108,162.0,83,223.5,115,10.1,3,3
AZ,113,510,0,0,81.3,116,220.6,124,235.7,113,8.9,3,0
SD,20,415,0,35,171.5,98,153.1,127,165.6,125,7.1,3,0
CT,212,415,0,0,126.0,96,144.3,80,302.8,102,7.6,3,1
IN,99,415,1,0,197.2,127,156.0,92,204.1,99,9.9,6,4
OH,94,510,0,0,194.1,62,227.2,54,190.4,115,15.3,4,1
NY,40,510,0,0,115.7,105,127.8,113,107.5,91,9.3,6,1
NE,86,510,0,29,157.2,118,196.3,136,226.7,109,8.4,5,3
OK,101,415,0,0,269.7,85,207.6,86,214.2,107,4.5,15,3
HI,105,510,0,0,227.4,121,268.5,89,143.3,82,13.0,4,1
MD,140,415,1,27,188.9,124,160.9,102,197.7,100,11.5,5,4
VT,101,510,0,0,0.0,0,192.1,119,168.8,95,7.2,4,1
TX,98,408,0,19,110.5,87,227.8,97,243.6,84,11.0,4,1
AZ,104,408,0,0,167.6,116,219.2,112,215.9,94,11.7,2,4
VA,115,415,0,0,132.0,90,197.5,75,175.8,114,0.0,0,3
NE,70,415,0,0,213.4,86,204.7,77,256.6,101,5.7,4,1
KY,126,510,0,0,175.4,120,98.3,71,201.9,93,10.6,1,0
NV,87,510,0,39,82.6,113,224.4,63,163.6,88,9.5,1,3
MO,86,415,0,0,125.5,139,269.8,93,235.8,110,8.9,8,1
NJ,1,415,0,30,183.1,95,232.6,110,248.3,110,8.4,2,0
NH,133,408,0,0,162.1,91,212.1,94,260.4,78,12.2,5,1
NC,103,510,0,0,166.6,84,192.4,91,167.9,115,7.7,6,1
MT,131,415,0,24,135.9,60,233.2,78,210.6,121,9.4,4,1
LA,99,510,0,0,142.3,89,204.5,95,203.1,114,9.1,1,0
NV,27,510,0,0,177.6,121,296.8,92,192.9,106,7.6,3,3
AK,141,408,0,0,83.2,74,190.6,104,150.5,79,10.7,7,1
OH,29,415,1,37,235.0,101,183.3,79,139.8,106,5.7,7,2
NM,65,415,0,0,105.7,95,141.8,100,180.5,105,6.6,12,2
MI,81,415,1,0,149.4,68,171.9,98,214.5,97,17.9,3,3
MN,37,415,0,20,264.7,81,216.5,110,210.7,102,10.4,7,0
WY,107,510,0,31,160.3,45,221.5,70,261.6,109,5.6,1,1
WY,127,415,1,28,95.9,117,159.5,131,152.8,132,10.4,3,1
WA,78,408,0,0,140.7,77,195.2,114,252.9,107,11.7,5,0
RI,176,415,0,0,250.9,108,171.4,100,148.6,85,9.6,6,2
AL,96,415,1,0,200.6,117,289.5,120,98.3,95,11.2,5,2
WV,11,510,0,38,209.8,130,196.6,84,233.0,79,7.0,7,1
WV,48,415,0,34,198.0,70,273.7,121,217.9,71,7.6,4,1
UT,47,408,0,37,112.8,150,243.9,97,178.7,112,13.2,6,2
IL,89,415,1,19,112.6,114,261.7,132,123.5,116,11.1,2,0
MI,83,510,0,26,226.4,117,234.7,97,133.6,82,10.8,7,1
WI,126,415,1,34,244.9,118,219.6,105,210.8,136,9.7,6,4
ND,60,510,0,0,203.2,99,235.8,131,224.9,112,15.1,6,2
VT,122,415,0,0,136.7,115,243.1,137,188.9,110,8.6,4,0
WA,136,408,0,0,152.6,97,208.9,85,119.1,99,5.0,10,1
NC,172,408,0,47,274.9,102,186.6,118,245.0,123,8.8,2,1
ME,102,510,0,0,195.7,116,209.1,87,201.1,73,8.3,3,1
SD,113,415,1,0,204.3,82,188.8,115,139.4,97,9.2,7,1
WV,79,415,0,0,222.3,99,146.2,82,275.6,82,8.9,4,3
ID,55,510,0,8,222.5,104,171.5,94,377.5,114,9.7,2,1
GA,160,415,0,0,174.3,105,171.3,107,220.8,131,8.3,2,0
FL,110,415,0,0,242.5,110,162.3,140,184.1,86,7.8,3,4
CO,192,415,0,0,221.6,101,285.2,50,167.4,83,12.7,6,4
NV,93,408,0,0,114.3,100,221.1,103,126.3,88,10.9,9,0
IN,101,415,0,33,219.7,137,186.8,94,184.5,113,9.5,2,2
VA,77,510,0,0,144.9,136,151.3,115,252.4,73,12.3,3,2
UT,105,415,0,40,236.5,111,117.0,110,221.1,115,8.1,3,2
UT,133,408,0,44,174.0,80,209.4,113,224.1,87,14.1,7,2
MO,131,408,0,0,109.5,95,332.1,48,258.6,108,6.6,7,1
CT,106,510,0,33,81.6,120,235.6,85,150.9,113,9.9,4,1
HI,118,415,0,0,133.4,113,121.0,92,254.7,129,5.9,4,1
MD,125,408,0,0,137.1,94,209.8,83,238.4,114,8.6,4,1
VA,95,415,0,0,197.0,88,190.4,68,211.9,104,16.1,8,0
MT,80,415,0,0,198.1,160,156.7,87,182.1,76,9.3,3,3
SC,145,408,0,0,39.5,78,264.3,106,185.8,90,10.0,6,0
CO,37,408,0,0,199.5,107,207.5,110,83.9,123,8.1,4,2
ID,87,415,0,0,156.8,93,215.8,68,223.3,77,7.6,6,1
AL,69,415,0,0,183.4,85,237.6,100,228.0,94,9.0,5,3
CO,83,510,0,0,132.4,120,121.6,101,197.7,84,8.6,2,1
UT,195,415,0,0,63.2,108,220.2,88,184.0,99,5.1,3,0
DE,67,415,1,35,181.1,59,215.9,116,216.3,106,16.9,4,0
OH,75,510,0,27,117.5,102,206.8,127,194.4,114,4.2,7,3
RI,123,415,0,27,218.7,79,163.4,78,173.8,116,15.0,1,0
FL,41,415,0,41,207.3,95,137.3,120,115.7,74,5.9,3,1
OH,75,415,0,0,150.6,99,301.5,83,158.7,104,8.1,5,0
MD,76,415,1,0,273.3,66,263.6,121,165.2,84,12.0,7,1
IL,86,415,1,0,266.1,120,182.0,92,206.5,103,10.3,4,1
PA,140,408,0,0,112.8,89,156.7,65,249.6,85,16.3,6,0
AZ,70,415,0,0,104.7,112,82.2,104,169.4,110,15.8,7,3
HI,118,415,0,0,253.2,122,201.0,78,195.3,108,9.7,7,2
NJ,66,415,0,16,174.7,92,232.1,105,305.4,98,8.9,2,1
WI,78,408,0,0,87.0,102,193.6,64,205.8,120,11.0,5,0
MD,129,415,0,34,204.5,79,132.8,113,190.1,117,14.8,9,2
OR,6,408,0,0,226.5,93,152.1,122,164.4,98,9.4,4,3
NV,107,510,1,0,234.1,91,163.1,105,282.5,100,10.0,3,1
AR,107,415,1,0,133.3,106,182.9,89,241.1,123,12.9,2,3
MT,138,415,0,0,133.9,87,166.4,110,193.5,139,15.4,3,1
CT,103,510,0,0,160.2,104,138.9,70,312.5,97,9.7,2,0
UT,116,415,0,44,230.6,94,224.1,103,244.0,76,11.1,2,0
GA,189,408,0,0,227.4,84,176.0,81,206.1,120,6.3,4,2
NV,161,415,0,0,72.8,120,267.1,120,222.5,91,11.8,2,2
TN,1,415,0,0,196.1,107,296.5,82,211.5,91,7.0,2,1
DE,89,408,0,0,197.1,110,165.9,115,227.3,106,12.8,3,1
NY,64,408,0,0,219.6,126,303.3,100,154.5,65,9.7,5,1
MT,126,415,0,30,153.4,90,151.4,97,153.8,97,12.8,4,4
IA,129,415,0,0,216.0,85,186.9,114,210.7,109,4.9,10,2
VT,128,510,0,32,222.9,136,262.0,80,191.4,101,10.8,4,0
MT,114,510,0,0,189.8,101,147.7,80,172.7,121,10.6,5,1
NH,50,408,0,0,154.7,102,298.0,108,210.2,95,11.1,3,0
WV,86,415,0,0,136.4,104,202.5,110,230.7,86,11.5,1,3
ID,96,408,0,0,170.5,86,277.5,88,162.5,117,12.2,6,1
WV,57,415,1,17,236.5,94,163.1,94,236.7,117,12.2,3,2
OH,65,510,0,0,153.9,117,220.1,122,280.5,147,8.5,3,2
MD,136,415,0,0,252.4,74,167.9,81,248.3,110,10.7,3,2
MN,116,408,0,0,197.9,84,168.1,113,239.8,145,12.0,6,1
NE,93,408,0,0,152.4,74,274.6,88,252.2,120,6.6,5,3
MN,142,510,0,40,237.4,105,175.9,93,210.3,110,9.2,3,3
NY,92,408,0,0,265.6,82,180.7,75,211.1,113,8.6,2,1
HI,70,415,0,0,197.3,91,305.8,81,171.0,105,6.7,6,1
MO,22,408,0,14,199.1,100,221.8,103,65.7,91,4.2,1,1
NV,37,415,0,0,233.7,114,207.9,109,212.7,101,12.0,2,2
MA,51,415,0,0,183.1,99,160.1,107,311.8,121,7.0,3,1
NH,174,408,0,0,139.4,96,143.4,108,225.2,107,10.0,5,2
UT,68,415,0,0,213.9,112,260.5,100,233.8,97,8.4,3,1
FL,130,415,0,0,207.1,70,200.1,115,194.2,100,12.4,2,1
CT,134,408,0,0,177.2,91,228.7,105,194.3,113,8.9,3,2
KY,108,415,0,35,169.8,136,173.7,101,214.6,105,9.5,7,2
NM,103,415,0,0,173.5,83,244.3,65,221.6,66,9.7,2,3
ND,62,510,0,0,159.9,100,172.2,99,263.2,109,5.6,4,1
NV,162,415,0,0,115.1,89,196.8,111,212.4,98,11.4,3,2
ID,42,415,0,0,92.2,108,211.2,120,129.1,73,13.1,6,1
OK,155,415,0,23,243.9,112,133.0,106,213.7,123,13.4,11,2
IA,36,510,0,0,117.1,94,235.4,117,221.3,108,9.0,2,0
OH,143,415,0,0,223.3,99,167.1,128,203.0,84,4.5,4,0
IA,81,510,0,0,261.4,141,215.7,102,271.8,96,8.0,6,1
DE,138,510,1,0,46.5,104,186.0,114,167.5,95,9.6,4,4
CA,103,415,0,18,149.9,84,170.9,84,171.5,112,11.5,7,0
WY,127,510,1,0,242.2,102,226.1,80,252.0,96,13.9,5,2
OR,136,510,0,0,259.4,99,172.7,125,293.7,78,10.7,6,1
ME,99,415,0,0,222.4,102,185.8,89,237.7,81,12.0,8,2
AR,95,415,0,0,69.4,79,190.8,109,219.9,102,8.9,5,0
ME,118,408,1,21,156.5,122,209.2,125,158.7,81,11.1,3,4
WV,113,415,0,0,61.2,111,92.3,88,197.4,114,13.7,3,5
PA,128,408,1,0,245.2,112,101.5,101,152.3,116,10.7,5,0
HI,117,408,0,0,102.3,100,135.2,104,199.7,93,15.7,10,3
MT,48,415,0,36,230.9,92,167.6,121,270.0,87,7.6,4,3
DC,81,510,1,0,227.4,105,211.5,120,258.2,113,11.9,3,0
MS,140,408,0,0,162.6,98,206.2,109,141.6,66,8.2,2,1
OH,107,510,0,38,219.4,92,180.5,73,104.1,91,11.0,1,2
MO,56,415,0,0,137.2,111,165.9,119,182.3,72,14.3,4,1
TX,159,415,0,0,87.7,103,278.2,97,170.6,93,10.5,10,1
MD,102,415,0,0,271.1,80,172.0,133,169.2,105,10.3,5,1
SC,106,408,0,0,52.2,106,220.1,113,112.3,95,11.4,2,2
MI,225,415,0,0,165.4,106,273.7,109,210.0,93,8.7,3,0
CO,86,415,0,0,217.8,93,214.7,95,228.7,70,11.3,7,0
ID,169,415,0,0,235.7,79,136.9,85,220.9,97,13.3,10,1
AZ,122,510,0,22,204.5,92,139.6,121,205.0,103,8.6,5,2
MN,52,415,0,32,130.1,68,247.2,77,289.4,87,13.5,5,2
DE,79,415,0,34,103.7,100,236.3,78,256.6,102,14.8,4,2
MI,135,415,0,0,239.9,91,177.1,104,217.2,118,5.9,3,2
CA,37,415,0,0,191.1,69,129.2,113,207.5,117,12.9,1,0
MN,161,415,0,39,218.5,76,112.7,94,205.1,121,7.3,4,1
CT,123,415,0,0,128.7,126,117.6,94,198.4,132,10.8,5,0
WV,80,415,0,38,236.6,69,197.5,68,209.5,102,9.5,10,2
WV,94,415,0,0,85.9,113,226.7,91,279.6,110,15.6,16,0
NE,105,415,0,27,141.2,96,167.7,94,274.4,101,11.4,2,1
NC,73,415,0,31,194.4,104,176.0,84,230.1,110,11.5,3,0
NE,112,415,0,0,167.6,100,154.5,90,281.4,107,17.3,3,2
IL,179,408,0,0,234.5,134,164.2,94,191.4,72,6.1,4,1
MA,57,510,0,0,154.2,78,196.7,85,253.5,97,10.1,9,1
AZ,127,415,0,14,143.2,99,169.9,91,221.6,77,11.6,1,1
SD,122,415,1,40,216.4,80,249.7,90,185.9,99,12.7,4,1
MT,33,510,0,35,161.9,85,151.2,82,191.0,131,8.5,2,1
VT,94,408,0,0,118.7,90,205.1,57,172.2,100,10.4,6,3
UT,100,408,0,0,179.1,123,196.6,132,186.7,116,10.2,10,1
HI,106,415,0,0,147.9,97,209.3,99,162.1,80,8.8,5,2
DC,148,415,0,38,209.2,110,116.6,73,109.6,105,16.5,4,2
WI,120,415,0,29,244.3,140,322.3,89,166.8,83,10.6,6,0
UT,91,415,0,34,175.3,96,262.3,122,143.9,76,5.6,11,1
WA,86,510,0,0,150.5,92,120.3,95,271.2,96,9.0,2,1
SD,78,415,0,25,197.4,73,295.7,113,211.7,73,13.2,2,0
MT,94,510,0,0,163.5,136,143.7,111,253.4,82,12.6,5,1
NJ,85,415,0,0,236.9,93,197.7,113,309.1,78,11.4,7,2
CT,89,415,0,0,82.3,77,167.2,80,194.7,70,7.2,4,1
VA,128,415,0,0,216.0,111,153.7,115,227.0,74,12.7,4,1
NC,115,415,1,0,180.0,119,198.8,126,217.1,70,12.4,3,1
AK,76,415,0,0,143.7,55,173.1,108,239.1,95,5.8,6,1
MD,75,415,0,39,198.2,107,280.4,132,129.6,73,11.3,7,1
ND,82,415,0,29,163.8,77,134.9,112,79.3,95,8.8,2,2
IN,87,510,0,0,189.5,113,204.9,100,221.7,93,13.4,3,1
MI,115,415,0,26,155.2,110,230.9,133,261.6,100,4.5,4,0
AR,99,510,1,0,242.3,102,350.9,102,163.1,93,11.3,3,0
VT,121,415,1,44,254.1,127,180.2,108,196.2,129,8.7,4,3
WV,54,510,0,33,112.0,90,208.0,112,150.3,83,11.3,4,2
CT,95,415,0,0,198.4,113,235.9,144,325.6,99,10.1,3,0
OR,163,408,0,25,219.6,99,210.4,99,242.7,88,13.8,8,2
VT,57,415,0,0,169.6,96,234.7,112,285.4,83,11.2,4,0
RI,104,408,1,0,160.4,73,293.9,103,306.6,90,12.6,5,4
RI,83,415,0,20,95.0,89,167.9,92,200.6,79,11.2,2,0
NM,141,415,0,0,160.1,87,256.7,120,270.0,107,7.0,1,2
AL,95,415,0,0,194.6,114,232.8,106,173.4,92,3.8,2,3
MT,184,415,0,0,236.4,73,287.3,120,192.0,94,13.8,4,1
CT,74,408,0,0,157.1,95,213.1,36,280.4,77,7.6,3,2
TN,67,415,0,0,179.8,125,173.2,86,272.8,97,10.9,4,0
ID,104,415,1,0,148.2,108,161.8,113,259.3,103,11.0,4,0
NH,149,415,0,0,119.2,88,168.3,110,204.7,119,12.2,6,4
ND,154,408,0,35,224.0,102,192.0,99,163.1,100,9.6,2,0
SC,138,510,0,21,19.5,149,140.9,109,179.7,111,7.9,1,0
KS,117,415,0,0,184.8,83,248.6,101,133.1,113,9.6,8,1
ME,130,408,0,0,176.3,140,201.0,104,161.9,123,11.3,5,1
RI,73,415,0,0,241.7,115,168.5,133,169.8,122,11.1,2,2
WI,100,510,0,38,224.7,121,294.0,131,290.0,61,9.8,6,0
NC,149,510,0,0,207.3,115,198.4,82,114.1,83,8.6,4,1
OH,29,408,0,0,196.8,81,168.0,110,132.6,98,12.7,7,2
WY,131,510,0,0,110.9,74,115.6,90,190.5,114,15.8,9,1
NJ,153,510,0,0,122.5,145,273.3,103,197.8,71,8.0,3,2
ND,84,510,0,0,226.9,144,201.6,122,130.2,121,13.2,5,2
WI,133,510,0,0,187.0,65,141.4,128,238.2,108,10.0,8,2
NY,87,415,0,0,204.8,101,161.0,80,285.7,89,9.5,3,0
MO,72,415,0,0,165.9,114,235.9,97,210.1,120,12.0,5,2
MN,65,510,0,29,158.1,104,322.2,81,210.0,96,8.9,6,1
CO,74,415,0,0,225.2,93,215.1,120,241.8,95,9.1,2,2
MD,116,408,0,0,159.4,79,179.5,88,167.8,71,9.7,2,6
AR,68,510,0,0,172.7,95,139.1,90,174.3,99,11.7,1,2
TN,68,415,0,0,222.8,99,175.8,85,202.0,111,11.0,3,3
DE,54,415,1,0,214.1,77,240.5,94,188.9,75,10.1,3,1
WI,107,408,0,0,134.0,104,174.5,94,311.1,79,7.3,3,3
MN,173,510,0,0,291.8,143,214.3,134,151.2,119,9.9,2,0
MO,110,408,0,0,222.7,94,105.8,98,214.8,78,13.5,4,1
VA,102,510,0,0,174.5,79,236.8,136,270.4,110,8.5,5,0
OK,91,408,0,31,273.0,78,215.5,98,104.7,114,9.6,2,1
CT,64,415,1,0,225.3,134,108.2,87,139.6,132,17.3,9,1
TN,176,415,0,23,283.2,130,162.6,74,177.7,104,7.2,6,1
WI,84,510,0,12,89.7,87,138.6,73,165.8,114,10.7,2,1
SD,138,510,0,0,127.1,102,247.7,106,207.7,75,5.0,3,3
ND,101,415,0,28,105.9,132,231.7,107,281.3,120,10.7,5,1
VA,136,408,0,0,142.3,79,158.0,113,177.5,75,6.0,11,2
UT,111,510,0,0,191.3,80,138.5,94,246.0,107,6.4,3,2
MA,132,408,0,36,201.9,93,156.3,75,131.3,92,13.7,5,0
SD,128,415,0,0,247.3,91,182.7,60,143.2,112,14.7,2,3
AL,92,408,0,38,242.2,96,159.7,144,210.0,108,8.9,1,1
AL,197,415,1,0,127.3,80,222.3,115,173.9,95,13.7,5,5
SC,99,415,0,33,179.1,93,238.3,102,165.7,96,10.6,1,2
FL,106,415,0,31,197.4,125,123.4,110,115.6,101,12.3,4,3
UT,78,415,0,0,193.1,85,172.1,105,129.6,119,10.2,1,0
NY,98,408,0,0,171.7,99,174.8,87,189.6,130,7.8,6,1
MS,17,408,0,35,198.5,123,270.6,74,209.9,130,8.1,10,1
NH,56,415,0,24,121.7,87,184.0,76,266.6,98,12.7,3,1
VA,84,415,0,0,130.2,105,278.0,60,305.4,74,14.0,6,2
VT,95,510,0,0,203.4,96,168.6,61,173.0,105,13.7,3,2
NV,76,510,1,0,241.0,120,231.8,96,220.2,67,9.9,1,1
WV,93,415,0,0,141.7,95,221.0,100,227.1,71,10.2,3,0
WA,83,408,0,0,134.8,96,167.2,78,161.5,123,7.7,5,2
KS,123,415,0,0,163.1,119,249.4,51,168.2,77,9.0,10,1
VT,64,408,0,0,145.5,116,228.4,110,273.4,91,8.9,8,1
OK,82,510,0,0,329.8,73,208.3,120,267.1,102,10.6,6,0
CO,110,510,0,0,131.9,93,272.7,106,192.8,105,7.1,4,1
TN,47,415,0,30,196.6,93,241.4,140,226.0,118,12.9,4,2
KY,115,510,0,0,99.7,107,145.1,96,149.4,99,14.1,4,2
PA,69,415,0,0,143.6,88,141.8,86,194.0,83,10.8,5,3
CT,90,415,0,0,37.8,80,155.3,105,175.0,111,14.2,5,3
MN,98,415,0,0,72.8,107,186.4,103,175.3,110,10.5,4,3
WY,90,408,0,39,94.8,89,219.1,91,197.4,65,11.4,5,1
PA,174,415,0,15,221.8,143,210.6,115,221.8,109,12.4,9,1
PA,79,415,0,0,268.3,114,185.5,111,264.6,88,6.3,7,1
VT,99,415,0,0,115.5,75,218.1,111,254.9,98,11.5,7,7
ID,114,415,0,0,202.1,100,195.7,102,291.8,120,13.3,5,2
PA,141,510,0,0,215.6,113,200.6,81,153.8,107,12.4,6,1
NM,132,408,0,0,169.9,107,209.4,121,206.1,79,11.5,2,1
FL,133,510,0,0,201.7,85,169.4,116,286.3,80,6.0,4,0
TX,133,408,0,0,221.1,133,160.2,140,161.8,84,8.4,3,4
VT,93,510,0,32,218.7,117,115.0,61,192.7,85,9.4,5,2
OR,140,415,0,0,120.3,108,240.4,84,216.4,74,7.7,3,4
FL,144,510,0,0,278.5,95,240.7,90,120.0,90,11.6,5,1
ID,24,408,0,29,236.3,105,190.8,114,129.0,105,7.2,2,3
MD,54,415,0,0,273.8,113,119.6,156,267.6,117,11.7,3,1
WV,50,408,0,0,131.1,129,160.5,94,206.9,88,5.6,9,5
ID,92,415,0,23,167.4,83,258.6,129,116.4,110,11.2,3,4
NV,96,408,0,0,197.7,68,250.5,53,181.2,67,10.5,3,3
SC,102,408,0,0,174.5,73,213.7,114,164.7,116,10.3,5,4
NE,99,415,0,0,200.0,66,107.9,104,233.7,82,11.4,2,3
ME,36,510,0,25,152.8,110,242.8,67,147.4,74,9.1,2,1
MI,70,510,0,0,129.9,102,208.7,133,231.4,93,14.3,3,1
AZ,109,415,1,0,268.4,85,150.6,131,297.9,84,9.7,8,2
AZ,100,415,0,0,188.5,152,148.3,115,179.8,88,15.2,5,2
MA,80,510,0,0,149.8,123,276.3,75,241.4,75,10.9,7,2
SC,100,510,0,0,115.9,87,111.3,56,170.2,77,7.1,4,1
WV,50,510,0,0,131.7,108,216.5,103,196.1,126,11.0,5,1
MS,105,415,0,0,101.4,48,159.1,119,259.2,53,12.2,2,1
VA,113,415,0,23,149.0,104,235.8,67,201.8,76,9.5,5,4
MS,111,415,0,36,96.8,123,170.6,105,166.0,85,13.4,4,2
NM,161,408,0,0,107.5,121,256.4,46,247.2,131,12.6,3,2
TX,70,415,0,0,232.8,95,303.4,111,255.6,104,12.9,7,0
HI,97,415,0,43,121.1,105,260.2,115,222.4,100,8.3,5,3
WA,130,510,0,0,124.3,70,270.7,99,239.5,83,3.5,6,0
WI,92,415,0,0,157.7,101,298.6,100,216.9,99,13.8,3,1
CO,119,408,0,0,124.3,68,207.1,88,157.4,93,14.8,1,0
NV,115,415,0,0,286.4,125,205.7,74,191.4,141,6.9,6,1
VA,127,408,0,25,173.0,91,245.8,64,300.0,99,4.8,3,0
ND,153,415,0,31,218.5,130,134.2,103,118.9,105,9.4,6,0
HI,79,415,0,0,41.9,124,211.0,95,237.9,55,11.4,5,1
ND,35,415,0,0,260.8,87,258.1,78,131.3,123,5.8,2,1
MN,68,510,0,0,226.7,94,168.4,129,188.7,117,10.2,1,0
DC,60,408,0,0,179.3,147,208.9,89,248.2,98,13.5,6,1
MT,71,510,0,23,175.7,82,258.9,136,268.4,154,14.1,7,1
WV,124,415,0,0,157.4,107,167.8,112,188.8,102,8.8,3,3
ME,23,510,0,0,113.1,74,168.8,95,262.9,126,6.9,2,1
WY,225,415,0,0,182.7,142,246.5,63,218.0,103,8.8,2,1
NY,181,415,1,0,161.3,83,124.4,83,262.0,98,14.1,3,0
VT,63,415,0,0,142.5,92,208.3,102,228.9,120,7.5,2,2
NC,54,415,1,0,190.5,108,259.7,108,141.5,111,9.7,2,2
MO,80,408,1,15,159.3,110,170.6,120,141.2,82,11.9,5,1
NC,118,408,1,39,153.8,106,123.3,111,117.8,103,9.2,6,1
NJ,42,408,1,0,180.7,127,174.6,94,165.3,114,12.0,6,2
OH,134,408,0,0,202.7,105,224.9,90,253.9,108,12.1,7,0
TX,66,415,0,35,190.8,100,261.3,93,209.5,108,8.9,6,0
WA,66,415,0,0,205.1,102,232.7,109,259.9,95,9.2,6,2
TN,127,415,0,28,235.6,124,236.8,113,241.2,127,7.7,2,1
HI,146,510,0,0,189.3,77,155.9,128,186.0,83,7.4,3,0
WY,93,408,0,42,166.9,101,273.2,84,171.0,106,11.5,1,1
CT,77,415,0,0,245.2,87,254.1,83,239.4,91,7.5,4,0
NM,111,415,0,0,132.6,125,221.1,67,127.9,101,12.7,2,4
AL,115,510,0,14,192.3,86,88.7,90,229.4,120,10.5,3,2
MN,115,510,1,0,122.0,110,220.2,100,179.7,124,10.8,2,2
NC,114,408,0,0,193.0,101,250.0,81,133.3,79,9.6,2,2
OH,106,415,0,0,158.6,112,220.0,114,252.9,106,9.1,3,0
CO,59,510,0,0,153.6,92,205.5,88,114.5,89,12.5,10,1
ND,87,415,1,40,221.6,79,157.1,74,222.4,124,11.5,3,1
NY,21,415,0,0,244.7,81,168.0,117,281.5,87,6.6,1,1
WI,142,408,0,24,239.8,103,285.9,65,256.7,106,9.5,4,0
OR,149,415,0,0,242.5,83,245.4,97,219.6,80,10.0,3,3
CO,54,510,0,39,117.6,82,159.2,60,236.4,113,11.3,10,2
PA,88,510,0,0,218.2,76,169.3,60,141.1,99,8.0,1,1
IL,85,415,0,29,144.6,97,140.0,102,165.4,148,10.9,3,1
DE,51,415,1,0,153.6,108,232.9,85,214.2,92,14.1,4,0
MO,45,510,0,29,135.8,104,222.5,101,235.6,92,7.9,6,2
OH,146,408,0,31,202.5,91,241.4,108,169.6,77,7.8,2,1
WI,63,510,0,34,152.2,119,227.1,91,195.7,103,12.3,5,1
OH,72,510,0,0,138.9,111,211.6,102,179.5,91,10.8,3,1
TN,130,408,0,0,127.0,102,206.9,107,231.7,99,6.1,6,0
SD,97,415,0,0,168.6,87,259.2,105,279.8,123,7.3,4,1
NY,54,415,0,0,286.6,73,223.2,108,203.7,107,11.5,5,1
GA,160,415,0,29,164.6,121,262.8,108,123.8,131,15.2,4,1
TX,79,415,0,0,144.0,90,135.8,91,212.4,129,13.0,4,1
WV,92,415,0,47,141.6,95,207.9,130,203.6,95,10.2,11,0
MI,59,415,0,0,204.3,65,247.3,123,214.7,94,12.0,4,1
ND,132,510,0,0,163.2,80,167.6,90,87.5,90,6.2,10,1
SD,93,415,0,0,176.1,103,199.7,130,263.9,96,8.5,6,2
NJ,147,415,0,36,254.2,78,228.1,105,98.0,125,13.8,7,5
AK,101,510,0,0,174.9,105,262.0,75,210.0,93,8.5,5,1
CT,125,415,1,0,187.3,118,160.7,111,263.8,112,9.6,2,0
CO,63,415,0,0,211.8,84,230.9,137,217.1,99,10.7,9,3
MD,107,415,0,0,241.9,102,126.9,117,185.6,92,11.7,6,0
MN,117,408,0,0,161.6,104,196.3,119,294.8,111,13.8,2,1
KY,124,415,0,0,194.0,103,241.0,116,227.5,153,11.9,5,0
NH,115,510,0,0,109.7,148,223.8,87,240.3,96,15.4,8,3
CO,156,408,1,0,277.0,119,238.3,106,94.4,96,8.3,3,1
KY,89,408,0,0,192.1,83,163.6,88,169.7,138,6.1,3,0
KY,72,415,0,0,198.4,147,216.9,121,112.8,125,13.1,4,0
OR,53,415,0,0,184.8,98,216.4,125,141.1,116,18.4,3,2
SD,116,408,0,0,167.8,119,142.0,123,190.7,128,7.3,4,2
DE,78,408,0,0,139.2,140,191.4,113,286.5,125,11.8,3,3
NE,56,510,0,0,121.6,84,165.3,115,243.9,95,8.9,2,1
OH,123,408,0,39,270.4,99,245.1,110,108.9,113,15.4,7,1
AR,116,415,0,23,253.0,78,138.9,121,277.8,104,11.8,3,2
WI,102,408,0,0,200.6,106,152.5,127,199.4,128,7.7,2,3
OR,95,415,0,0,167.6,96,176.0,89,250.9,113,13.4,6,2
VA,102,408,0,0,156.5,67,204.3,103,141.9,72,9.9,2,2
AR,89,415,0,25,215.1,140,197.4,69,162.1,117,10.6,10,1
CT,50,408,0,0,301.7,82,167.1,118,72.2,89,10.5,6,1
OH,93,415,0,42,152.3,90,267.5,102,266.9,130,11.3,5,7
WY,68,510,0,0,195.4,116,212.1,101,138.4,134,15.1,11,1
IL,70,408,0,0,208.7,97,275.5,83,182.5,122,8.0,3,2
MO,138,415,0,29,190.1,87,223.2,123,256.2,130,14.2,6,0
MA,112,415,0,17,183.2,95,252.8,125,156.7,95,9.7,3,0
NH,117,510,1,0,54.2,100,303.2,84,171.8,84,8.6,2,1
IA,1,408,0,26,208.0,115,185.0,113,177.7,144,8.1,9,1
AL,70,415,0,0,230.3,110,77.9,87,247.1,105,13.2,4,1
WV,52,510,0,21,195.7,119,106.2,95,157.4,94,5.3,3,2
NV,105,408,0,0,166.1,93,175.9,106,243.5,55,16.2,3,2
SC,77,510,0,28,135.9,117,244.5,102,207.5,74,11.5,3,4
NC,80,415,1,0,189.1,122,223.2,92,269.0,116,13.9,3,2
NH,120,510,0,43,177.9,117,175.1,70,161.3,117,11.5,4,1
WY,54,408,0,39,143.9,73,210.3,117,129.2,117,12.5,8,2
FL,148,510,1,0,148.2,138,159.6,123,197.4,62,8.6,3,2
PA,119,408,0,0,287.1,115,159.3,99,216.8,86,13.9,1,2
MO,85,510,0,0,165.8,96,190.0,141,144.0,116,10.9,3,5
KS,101,510,0,25,144.1,144,167.6,105,240.0,107,14.5,3,1
KY,172,415,0,0,172.5,85,253.1,71,221.6,113,5.9,6,0
DE,80,415,0,0,199.8,138,167.1,91,271.8,94,5.5,4,1
WI,67,510,0,0,109.1,134,142.3,76,91.2,86,10.9,5,2
CO,86,408,0,0,171.8,106,301.7,44,139.4,108,9.7,5,1
NM,107,415,0,0,222.3,101,286.0,111,249.4,117,12.1,4,1
DE,133,510,0,0,245.8,102,264.7,90,111.7,103,11.2,7,0
IL,116,510,0,0,164.6,110,270.6,103,230.4,109,8.0,3,0
WA,63,408,0,0,211.7,107,271.7,77,203.3,108,7.4,7,0
MA,119,408,1,16,147.2,103,160.1,96,184.0,120,7.7,2,0
OH,133,408,1,0,254.7,103,252.2,80,178.1,103,8.0,3,0
TN,94,408,1,0,170.1,113,271.8,94,110.7,78,8.7,4,1
MA,69,510,0,0,195.1,91,261.5,57,203.8,90,11.4,5,0
MI,146,408,0,0,149.3,83,187.1,130,149.8,100,7.9,4,7
NH,142,408,1,25,191.1,109,149.6,120,227.8,60,9.8,3,0
MD,123,408,0,0,206.9,115,224.4,86,197.4,60,8.3,2,3
MS,101,408,0,0,239.0,156,273.0,106,278.2,93,13.5,8,1
AZ,43,415,0,0,179.3,97,252.7,126,227.5,114,8.0,5,0
IN,69,408,0,0,185.3,91,219.1,88,243.6,107,5.5,5,0
NY,15,510,1,0,141.4,80,123.9,76,323.5,88,8.1,3,2
WV,67,510,0,0,152.5,131,252.4,107,185.4,104,4.9,3,2
NY,99,415,0,0,145.6,102,230.9,87,181.5,86,11.4,7,1
OK,46,415,0,0,164.2,116,196.2,153,236.1,119,8.1,1,1
NC,55,408,1,0,221.0,115,165.4,97,235.4,117,9.7,4,1
KY,39,415,0,0,295.4,126,232.1,117,204.4,123,11.5,2,1
TX,92,510,0,0,139.8,98,174.9,143,201.6,135,9.4,7,2
CT,56,415,0,0,162.3,99,149.1,78,255.5,115,14.8,1,4
NE,76,415,0,0,272.7,97,236.4,95,235.5,105,7.7,2,0
HI,132,408,1,33,200.3,75,226.6,67,198.8,91,12.9,3,2
AK,51,510,1,12,135.8,60,200.6,134,192.4,98,12.3,7,2
SD,27,408,0,0,236.7,110,231.9,92,164.7,85,12.7,6,1
ID,224,510,0,0,111.4,133,175.0,66,217.2,106,5.5,6,3
OK,105,510,1,28,156.1,89,107.1,114,167.7,95,14.7,3,0
WA,117,408,0,0,191.1,93,282.8,56,84.8,118,12.0,4,2
VA,146,415,0,0,205.4,101,134.9,77,310.5,83,10.3,2,3
WI,147,415,1,0,225.2,111,184.9,98,143.2,146,9.9,1,0
IN,68,510,0,0,249.9,127,254.5,118,273.2,98,8.9,6,2
NM,68,408,0,0,131.6,89,137.0,109,256.3,107,10.2,5,3
VT,159,415,0,0,275.8,103,189.5,108,223.9,93,7.4,5,2
AZ,134,415,0,40,142.9,105,88.6,61,290.0,96,10.8,6,1
VT,113,510,0,0,207.2,113,256.0,80,211.0,87,9.9,1,1
MO,132,408,0,0,206.2,100,211.2,118,196.2,122,10.2,6,1
NJ,93,510,1,38,225.7,117,119.6,122,193.2,125,14.0,7,1
WA,174,408,0,33,167.8,91,205.3,91,130.0,132,14.5,4,4
NY,61,415,0,0,197.7,118,152.2,96,221.0,93,7.0,3,2
DC,91,415,0,39,169.8,105,65.2,116,144.4,92,10.9,4,1
NE,88,408,0,28,190.6,104,237.3,105,211.6,116,9.8,1,2
MA,88,408,0,45,80.3,140,153.3,101,309.2,123,12.8,3,2
NM,182,415,0,0,69.1,114,230.3,109,256.7,96,6.5,4,0
CO,118,408,0,0,188.8,60,217.4,64,220.1,100,8.2,7,4
NH,103,408,0,0,150.6,125,169.1,126,221.2,104,10.4,8,8
IL,65,510,0,0,192.0,89,139.5,88,187.4,102,5.5,4,2
UT,61,408,0,25,163.7,78,113.2,112,134.1,118,9.9,3,3
WV,172,415,0,0,211.7,100,198.7,101,301.7,136,6.5,9,1
NJ,72,415,0,0,175.5,103,132.3,120,242.9,96,11.8,3,1
NM,113,510,0,0,150.1,120,200.1,85,266.7,105,11.0,3,2
NM,67,415,0,0,215.5,102,190.7,95,214.5,106,8.6,6,1
DE,136,415,0,0,101.7,105,202.8,99,136.2,119,9.4,6,3
GA,71,415,0,0,258.4,132,126.8,119,182.4,87,9.7,8,4
HI,134,408,0,0,242.4,126,152.9,115,318.3,115,11.8,6,1
NJ,84,415,0,0,190.2,102,197.7,141,247.5,102,9.8,6,2
ME,39,408,0,0,154.1,104,204.2,112,196.2,92,9.8,4,2
OK,110,510,0,0,188.0,127,90.5,118,150.3,64,15.3,3,3
TN,102,510,0,0,103.1,70,275.0,129,141.1,92,11.2,5,1
WY,70,415,0,0,175.4,130,159.5,130,260.6,96,11.6,4,0
NY,142,415,0,0,145.4,93,209.1,98,214.0,96,10.9,1,1
RI,17,415,0,0,161.5,123,214.2,81,315.0,106,8.6,5,1
PA,119,408,0,0,260.1,101,256.5,68,229.1,89,10.0,2,1
MD,108,415,1,42,130.1,90,167.0,128,244.7,80,13.6,5,3
VA,90,415,0,0,102.0,118,113.3,134,188.6,105,11.4,3,2
IN,100,415,0,33,218.7,104,155.0,144,99.0,117,12.1,4,1
OR,155,408,0,30,128.5,86,188.4,91,254.4,85,6.8,6,1
AZ,113,510,0,0,128.7,100,227.1,67,178.1,135,9.2,4,2
WI,123,415,0,0,172.2,92,162.6,76,250.3,101,8.7,4,1
VA,145,408,0,0,199.2,124,126.0,86,289.2,135,7.6,3,1
MO,42,415,0,0,184.5,98,200.5,93,279.2,91,8.8,3,2
NV,125,510,0,0,168.6,99,175.6,107,243.3,92,10.9,7,0
HI,131,415,0,30,174.0,118,205.3,81,218.2,90,6.7,3,1
WA,107,415,0,0,230.4,65,257.4,80,107.3,88,8.5,3,1
IL,48,408,0,0,198.2,73,202.8,115,146.4,73,5.1,5,1
IL,76,510,0,0,186.1,96,211.6,100,230.6,100,8.0,4,0
LA,128,415,0,0,148.5,105,243.0,106,255.2,114,6.8,2,1
WI,73,415,0,0,157.1,109,268.8,83,181.5,91,10.0,8,0
TX,52,415,0,0,155.0,110,133.4,104,176.1,84,7.0,4,4
NC,124,415,0,0,188.5,77,182.0,123,218.2,127,6.1,6,1
WA,137,408,0,0,208.8,120,225.3,100,221.6,130,11.1,5,0
MS,107,510,0,30,198.9,87,207.0,90,159.8,76,12.6,4,3
KY,147,408,0,0,212.8,79,204.1,91,156.2,113,10.2,2,1
RI,116,510,0,0,137.4,126,120.0,94,130.3,64,12.4,2,3
NY,60,510,0,31,191.8,75,267.8,135,200.5,62,12.8,3,2
TX,38,510,0,0,149.0,92,49.2,78,163.3,93,13.9,11,0
DE,63,408,0,0,117.1,118,249.6,90,162.2,84,11.1,4,3
NM,94,415,0,0,108.0,79,241.9,152,252.1,92,10.4,3,3
RI,131,415,0,0,112.8,133,199.4,116,142.7,105,10.1,5,0
MS,158,510,0,0,175.9,105,188.3,88,188.3,98,11.0,6,1
NY,139,510,0,0,236.6,109,169.9,107,212.3,118,11.1,2,1
WI,140,415,0,0,129.6,79,246.2,99,172.1,124,9.4,10,3
SD,52,510,0,20,133.3,63,184.1,123,272.9,107,13.5,2,1
VA,103,510,0,0,167.8,121,212.9,123,208.2,73,13.0,3,5
CO,85,510,0,21,283.2,110,239.7,108,149.5,80,6.3,1,5
WA,71,408,0,0,141.2,132,149.1,90,171.4,72,7.0,2,2
NV,177,415,0,27,230.2,106,196.1,78,215.4,108,10.4,2,1
SC,49,415,1,0,237.8,92,208.9,119,167.8,86,15.6,6,2
RI,106,510,1,0,204.0,84,168.5,61,164.0,102,13.3,3,3
ID,60,510,0,0,221.1,106,178.6,48,202.7,90,7.4,3,1
KY,43,408,0,0,177.2,93,142.6,60,314.1,144,12.7,2,4
SD,125,415,0,0,163.8,73,255.6,85,192.9,95,15.7,4,0
SC,114,510,0,4,141.3,96,230.4,88,223.7,85,9.4,3,3
TN,112,415,0,0,272.5,119,226.1,94,159.1,94,16.4,5,3
MT,101,408,0,16,118.9,112,228.3,97,180.1,111,8.2,5,2
WI,70,415,0,0,7.9,100,136.4,83,156.6,89,12.1,1,0
AK,59,408,0,0,159.5,96,167.2,123,138.6,106,10.2,4,0
AZ,59,408,0,0,150.2,70,185.7,98,212.5,128,12.1,2,1
DE,99,415,0,0,140.7,88,210.9,98,229.9,125,12.4,4,2
VA,150,510,0,0,169.2,123,216.8,83,179.4,107,12.6,3,1
MA,81,510,0,0,220.8,77,148.5,87,183.9,100,7.6,3,2
IN,86,510,0,0,216.3,96,266.3,77,214.0,110,4.5,3,0
MD,84,510,0,0,169.5,96,157.6,94,98.2,70,10.6,7,0
NV,118,510,0,35,256.3,119,258.1,91,215.5,130,11.7,1,1
CO,89,415,0,0,179.7,128,299.8,92,185.3,120,7.6,3,1
KS,93,415,0,0,266.0,120,130.1,84,165.8,63,13.1,6,3
AR,85,415,0,0,96.7,97,193.8,95,171.7,88,9.7,3,2
WY,160,408,0,0,82.7,116,194.6,95,159.0,54,10.9,9,0
PA,28,415,0,0,168.2,87,161.7,92,192.4,112,10.1,3,3
TX,73,408,0,0,286.4,109,178.2,67,214.2,152,10.7,14,1
NY,156,408,0,0,174.3,95,186.6,128,258.2,105,12.9,5,3
OR,33,415,1,0,190.6,100,161.7,104,189.9,136,13.0,6,1
CA,77,510,0,0,175.5,86,205.1,78,245.2,100,17.8,3,4
NY,119,415,0,0,133.4,102,204.6,71,196.9,103,11.1,7,1
AR,91,510,0,27,204.6,96,136.0,93,210.5,82,6.6,2,3
MI,102,510,0,0,242.2,88,233.2,89,188.5,121,6.2,6,3
OK,86,415,0,33,253.1,112,210.1,94,95.0,98,11.9,4,3
TX,82,415,0,0,130.0,110,185.3,88,178.7,105,8.3,4,0
NC,89,408,0,0,105.9,151,189.6,142,170.9,67,12.7,7,0
ID,86,415,0,0,194.2,98,193.8,95,192.0,123,9.3,7,3
OR,92,415,0,0,196.5,82,190.0,89,163.2,99,10.8,2,2
SD,87,510,0,0,184.5,81,172.0,103,183.4,96,13.7,3,3
NE,64,408,0,0,261.9,113,148.1,99,145.2,74,13.8,4,0
RI,80,510,0,0,202.4,118,260.2,67,177.4,112,9.2,5,3
MD,165,415,0,39,167.4,113,172.7,94,192.6,113,9.5,4,3
ID,153,415,0,22,167.7,104,246.8,91,203.9,117,7.5,11,1
SD,108,415,0,0,240.2,78,230.3,109,217.0,83,5.2,1,2
NY,104,415,0,26,189.1,112,178.2,97,199.3,104,11.1,4,1
DE,115,408,0,0,127.7,67,182.9,90,172.9,92,10.6,7,1
OK,87,415,0,0,205.2,106,99.5,122,189.5,75,13.4,3,1
IN,119,510,0,0,154.5,129,193.6,87,180.9,145,13.4,3,2
NV,69,415,0,0,153.7,109,194.0,105,256.1,114,14.1,6,1
SD,93,510,0,0,328.1,106,151.7,89,303.5,114,8.7,3,1
OK,154,415,1,0,145.9,69,208.2,141,180.9,106,14.4,10,0
KS,57,415,0,37,201.2,76,280.1,122,154.2,110,11.8,1,1
IA,130,510,0,0,139.1,72,246.0,112,207.2,121,11.4,9,5
NJ,151,415,0,0,118.9,128,278.3,65,194.8,61,13.2,10,2
NJ,162,408,0,0,217.6,87,279.0,71,250.7,65,10.4,4,2
MT,60,415,0,0,145.0,133,209.1,92,328.5,112,14.6,2,1
IA,81,510,0,0,203.5,89,289.6,69,212.9,71,8.7,3,3
TX,136,408,0,0,269.8,106,228.8,101,257.5,106,10.1,8,1
MS,121,415,0,21,126.3,84,209.6,102,192.5,129,10.6,2,1
IA,105,510,0,15,88.1,125,175.9,142,269.9,85,9.7,1,2
WI,105,415,0,34,218.5,61,196.7,74,151.1,103,9.9,4,2
MT,51,415,0,26,236.8,61,263.4,97,181.1,91,11.2,8,1
GA,64,408,0,0,124.1,117,192.8,108,162.9,84,6.4,5,3
MT,80,510,1,30,184.2,132,167.5,109,212.8,114,10.0,10,0
ND,56,415,0,0,222.7,133,277.0,89,101.8,94,13.6,4,4
VT,120,415,0,0,149.2,98,193.6,88,248.9,119,11.1,5,1
SD,103,510,0,0,206.5,125,180.2,113,220.6,95,12.2,4,3
OH,164,510,0,27,159.7,102,168.8,113,244.1,127,9.6,9,3
OH,116,415,0,27,204.7,118,209.4,91,212.9,67,7.0,2,2
MT,121,408,0,0,213.2,79,120.7,116,244.4,102,7.5,4,1
NV,183,415,0,0,116.7,92,213.8,112,214.3,112,9.7,6,2
UT,104,408,0,0,263.4,101,235.5,117,102.0,146,13.0,4,0
NH,90,408,0,0,140.2,97,213.9,102,120.0,126,7.1,2,1
LA,82,415,0,0,197.7,101,127.6,83,142.1,103,13.5,3,1
NY,9,415,0,16,88.5,87,178.8,108,228.7,96,11.5,3,2
CT,97,415,0,0,215.3,58,242.4,91,279.8,105,12.1,9,0
MI,127,510,0,25,203.8,118,267.1,48,225.1,105,7.3,5,0
SD,125,510,0,34,268.4,112,222.2,108,117.6,102,10.3,3,0
ME,140,415,0,0,159.1,104,269.8,106,220.4,116,10.3,4,1
MD,90,415,0,0,114.4,122,127.7,154,253.1,109,10.1,5,2
VA,67,415,0,0,138.9,65,208.9,109,232.4,82,9.2,3,2
NJ,113,415,0,0,186.0,55,237.4,105,148.1,83,12.2,6,1
TN,121,510,0,26,170.4,91,254.5,90,219.6,122,15.1,5,0
DC,93,408,0,0,164.5,95,230.9,87,149.9,91,9.9,3,4
DC,121,408,0,0,168.6,121,168.6,94,95.3,59,12.3,4,1
OR,53,408,0,0,261.2,119,250.8,105,176.0,112,9.8,2,0
RI,75,415,0,0,190.5,91,178.4,75,162.4,113,13.1,5,1
AK,132,510,0,0,181.1,121,314.4,109,246.7,81,4.2,9,2
WI,162,408,0,0,177.1,131,114.7,122,153.6,88,6.5,6,3
IN,140,415,0,0,160.5,114,240.5,103,233.5,121,11.3,4,1
MI,91,408,0,0,134.7,116,295.3,98,195.5,121,6.6,5,2
ID,73,510,0,28,198.2,107,139.1,123,199.1,139,8.8,1,2
NH,95,408,1,0,228.9,134,255.7,71,208.0,120,10.1,2,4
MN,145,408,0,0,241.7,137,135.8,100,277.6,123,13.1,3,0
AZ,100,415,0,0,131.1,108,176.2,81,89.7,81,4.3,4,1
MN,122,415,0,0,234.1,101,200.2,121,237.4,89,13.1,9,2
MO,109,415,0,0,200.1,72,300.9,120,236.0,68,11.9,5,0
AL,82,408,0,0,154.0,107,94.4,114,287.6,95,10.1,7,1
PA,65,415,0,23,224.2,106,189.6,100,222.8,75,9.8,4,0
AK,52,510,0,0,148.3,83,181.6,79,155.6,104,8.3,6,3
MS,136,415,0,24,174.6,76,176.6,114,214.4,91,8.8,5,2
IA,75,415,0,0,138.5,110,153.2,86,215.6,103,11.1,7,1
WY,146,408,0,0,109.0,69,265.8,98,228.3,80,12.6,2,1
NE,105,408,0,0,162.3,99,212.5,95,214.7,114,11.1,8,4
ND,48,415,0,0,210.8,84,189.6,98,157.6,99,16.4,3,2
CT,45,415,0,0,142.4,107,318.7,78,224.1,108,11.1,7,1
NC,106,415,0,37,223.5,104,235.1,99,140.1,90,10.6,5,2
CT,33,510,0,0,182.5,65,232.1,96,149.2,82,7.5,2,2
WA,106,408,0,0,193.6,66,238.2,82,176.4,107,12.9,3,0
NV,141,415,0,0,192.4,111,156.9,87,175.8,82,11.0,6,0
KS,94,510,0,28,233.2,88,113.3,102,118.0,71,16.1,4,0
CO,65,510,0,0,158.8,53,188.5,132,189.3,87,9.8,4,2
MO,85,415,0,0,126.1,112,274.7,126,184.4,95,9.8,4,1
MA,71,510,0,0,290.4,108,253.9,92,263.3,126,10.1,5,3
NY,112,408,0,30,60.6,113,165.9,96,132.8,99,13.3,7,0
AK,110,415,0,0,148.4,95,193.8,98,206.0,106,6.9,6,0
WI,111,415,0,0,246.5,108,216.3,89,179.6,99,12.7,3,2
NH,74,408,0,0,298.1,112,201.3,100,214.7,88,9.7,4,2
TN,105,510,0,0,119.3,82,185.1,111,157.0,74,10.9,4,2
NY,40,408,0,0,242.5,82,232.9,97,154.0,86,9.6,7,0
GA,128,408,1,18,222.1,89,160.6,109,218.8,102,13.6,2,0
MN,123,408,0,0,236.2,135,273.9,88,227.0,77,10.1,6,2
MI,122,510,0,0,144.2,87,212.2,74,169.3,87,9.5,4,0
ID,114,408,0,19,154.6,100,241.6,109,160.0,112,12.6,1,3
CT,102,415,0,25,137.4,100,176.7,83,188.2,93,10.2,6,2
NC,126,415,0,0,103.7,93,127.0,107,329.3,66,14.4,1,0
LA,150,415,0,0,136.6,112,209.4,81,161.1,78,12.2,2,4
NJ,60,408,0,0,289.8,101,255.6,115,242.8,76,11.7,4,2
CA,138,510,1,0,196.2,129,176.5,86,232.4,108,15.2,1,0
MD,29,510,0,0,195.6,71,126.4,74,148.6,87,14.2,4,1
WY,111,415,0,0,222.2,96,162.5,111,184.9,120,11.9,7,4
TX,37,510,1,0,172.9,119,183.0,86,226.4,100,9.8,1,0
UT,81,510,0,0,154.5,84,216.2,91,229.8,82,13.7,3,1
WA,46,510,0,0,90.4,108,276.2,77,146.5,111,12.7,2,1
OH,125,408,0,0,106.1,95,157.6,113,192.5,69,8.1,3,1
KS,43,415,0,0,27.0,117,160.9,97,279.5,96,10.7,3,3
IN,94,510,0,0,245.0,112,180.4,91,262.9,105,9.7,6,1
VT,46,408,0,0,196.7,85,205.9,74,216.6,112,11.2,5,3
MT,73,408,0,26,131.2,98,106.5,97,221.7,96,10.2,6,2
CT,146,408,0,23,149.6,96,239.8,124,293.5,135,7.4,4,2
NM,93,415,0,0,239.8,70,251.8,99,168.6,112,10.9,10,1
OH,52,408,0,31,142.1,77,193.0,97,253.4,88,11.0,4,1
GA,202,510,0,0,115.4,137,178.7,70,185.7,113,6.0,3,3
MN,129,510,0,31,193.0,99,224.8,87,197.6,91,10.3,8,2
CT,94,415,0,0,206.1,49,224.6,115,256.7,74,13.0,1,1
AL,100,415,0,0,160.3,138,221.3,92,150.4,120,11.2,2,0
WV,43,415,0,0,199.9,108,288.4,80,180.6,103,11.3,7,1
NH,130,415,0,0,213.1,105,206.2,108,163.4,93,8.9,3,0
WY,124,415,0,0,178.3,102,235.0,120,239.7,119,10.9,1,3
VA,92,510,1,0,252.3,120,207.0,112,284.6,95,12.0,5,3
VT,48,415,0,0,197.7,64,136.7,126,244.4,81,13.2,5,4
OH,98,510,0,29,111.1,105,217.9,101,248.1,108,6.6,3,2
MT,100,415,0,0,96.5,86,210.2,133,146.4,106,12.5,3,1
MA,79,415,0,0,156.9,109,122.2,87,189.1,103,11.3,5,3
VA,164,415,0,0,123.3,78,170.0,85,165.9,78,12.7,2,1
AR,89,408,1,0,206.9,134,167.7,105,155.7,86,10.9,4,0
NE,126,415,0,0,249.8,96,261.9,92,166.8,108,12.7,4,3
WY,96,408,0,0,144.0,102,224.7,73,227.7,91,10.0,7,1
IA,120,415,0,33,299.5,83,163.4,84,146.7,88,11.6,5,0
SC,212,415,0,0,226.0,127,304.6,83,181.2,132,12.6,4,2
NC,72,415,0,0,137.6,106,143.5,94,273.7,110,9.6,6,2
HI,155,415,1,26,211.7,121,139.2,123,146.7,89,11.1,3,1
UT,89,415,0,0,89.7,80,179.8,81,145.7,120,9.5,4,2
WY,126,408,1,0,197.6,126,246.5,112,285.3,104,12.5,8,2
AL,172,408,0,0,270.0,102,256.6,111,168.5,104,12.0,5,2
WI,143,510,0,0,194.3,99,123.6,133,229.5,99,10.2,2,2
FL,166,510,1,0,47.7,89,264.4,95,235.2,97,13.2,3,0
KS,132,415,0,0,190.1,105,182.2,116,279.8,105,13.0,2,1
NV,94,408,1,0,89.5,94,339.9,106,172.9,76,7.9,1,1
NY,99,415,0,0,182.6,83,154.5,111,196.0,57,12.1,5,0
VA,136,415,0,35,205.5,86,298.5,119,214.2,104,6.9,4,1
KS,119,415,0,0,231.5,82,266.9,97,211.0,118,7.4,10,1
NC,115,510,1,0,251.3,69,252.5,96,118.3,112,9.9,1,3
MO,160,415,0,0,171.2,103,243.5,121,178.2,92,13.0,3,2
ND,166,510,0,0,197.9,89,251.0,113,138.3,85,11.2,2,2
CA,120,510,0,0,134.8,94,204.1,106,238.4,109,6.7,8,1
WV,173,415,0,0,191.4,114,168.5,138,109.3,99,10.3,3,1
IL,156,415,0,0,174.5,65,197.4,116,238.5,86,10.6,2,0
NY,70,415,0,0,177.4,125,226.2,104,254.1,72,10.9,4,0
NV,41,510,0,0,182.1,89,211.5,104,207.4,124,6.8,1,1
AL,132,408,0,0,222.4,85,165.4,76,208.4,97,11.2,4,0
KS,47,510,1,0,47.8,120,178.9,123,152.6,96,13.3,7,0
ND,160,510,0,0,121.8,97,89.3,97,150.7,92,10.3,5,1
OK,180,415,0,0,143.5,121,189.3,111,174.9,82,8.8,5,3
UT,93,415,0,0,164.9,68,210.4,86,229.4,104,7.8,4,2
OH,109,415,0,0,193.6,58,148.7,115,282.5,105,13.1,1,2
WY,80,510,0,0,101.1,121,263.2,110,137.7,74,7.3,5,0
NM,54,415,0,24,92.3,88,193.1,98,99.3,119,11.6,3,2
AL,121,415,0,0,168.9,128,123.9,99,266.3,105,2.9,7,2
DC,157,510,0,29,219.2,102,206.0,109,192.4,117,15.0,5,1
ID,170,510,0,37,178.1,130,242.8,103,243.0,93,13.0,4,0
AR,138,510,0,0,146.5,101,284.5,142,176.0,98,14.0,6,3
ID,92,415,0,31,172.3,116,266.2,91,228.2,90,11.8,5,1
WA,167,415,0,0,169.2,124,173.3,108,216.5,64,12.4,4,4
UT,91,510,0,0,123.8,107,319.0,125,237.6,78,7.3,4,2
RI,127,510,0,0,96.0,117,177.0,68,162.2,127,9.7,4,3
NC,88,408,0,27,93.4,106,252.0,92,189.0,104,10.9,1,1
TX,123,408,0,0,257.9,92,211.6,71,189.3,104,9.4,2,2
DE,136,408,1,29,85.2,98,230.4,85,243.6,104,9.0,3,2
MS,68,415,0,34,160.0,72,184.5,119,208.3,101,6.1,10,1
OH,132,415,0,10,182.9,54,292.4,68,142.3,116,11.5,4,0
LA,133,415,0,0,216.2,67,222.2,133,192.0,95,3.1,1,2
FL,127,415,0,0,261.7,105,181.8,107,100.9,131,3.3,5,0
WV,121,510,0,0,177.2,142,123.5,88,213.2,51,8.4,6,1
NY,116,510,0,0,89.5,128,180.8,137,193.1,94,14.0,3,2
PA,97,510,1,0,145.0,103,294.3,93,239.8,120,11.0,2,4
MS,43,510,0,0,159.5,99,119.7,149,173.9,126,6.8,3,2
IN,110,415,0,0,151.8,106,138.0,126,233.5,112,11.2,8,3
VA,67,408,0,0,176.2,120,236.0,138,152.5,104,10.6,4,1
MN,166,408,0,0,152.1,95,121.0,105,198.0,126,9.8,5,0
DE,129,408,0,0,161.3,122,220.6,95,224.7,104,9.6,3,1
OR,103,510,1,0,171.7,78,144.5,86,157.9,106,6.8,3,3
UT,71,415,0,0,278.9,110,190.2,67,255.2,84,11.7,7,0
CT,112,415,0,27,213.0,121,226.2,101,189.8,99,11.1,3,4
AL,8,415,0,36,242.9,67,170.9,59,177.3,130,4.8,12,1
TX,98,415,0,0,217.2,121,303.4,73,197.1,71,12.4,2,0
CT,90,415,0,0,175.9,111,285.2,115,150.8,122,13.0,7,1
MS,13,415,0,0,303.2,133,170.5,86,227.6,80,11.5,3,0
AR,58,415,0,0,238.9,107,187.2,88,181.1,84,11.8,3,2
CA,137,415,0,22,189.6,42,179.0,137,179.6,126,11.4,5,2
MI,116,408,0,0,133.3,94,247.8,126,219.0,78,11.3,5,5
WV,94,415,0,28,92.7,107,127.8,86,225.6,86,9.9,4,3
DE,87,415,0,0,177.2,72,248.9,105,200.8,87,8.6,7,3
FL,120,415,0,0,184.5,103,209.0,86,169.7,70,10.2,6,2
AK,97,415,0,24,176.1,109,159.4,81,269.1,94,12.1,9,0
ID,134,415,0,0,204.7,108,143.1,105,165.8,84,11.0,4,6
OH,68,510,0,0,143.6,80,134.3,65,215.6,84,15.5,5,2
NH,93,408,0,0,179.3,93,188.8,65,253.2,88,12.1,5,1
MA,120,415,0,0,137.3,100,212.2,129,152.7,92,10.5,2,1
SC,41,408,0,0,237.8,92,223.5,155,217.4,90,10.2,6,2
OR,80,510,0,0,203.7,92,216.4,97,154.2,66,7.6,5,2
OH,83,415,0,25,191.3,95,250.7,136,249.4,86,17.6,5,2
NC,109,510,1,0,209.1,141,205.0,93,119.4,111,7.8,3,2
KY,66,510,0,33,88.8,104,109.6,94,172.7,107,7.1,9,3
WA,89,510,0,0,137.9,96,192.6,63,255.7,125,11.0,5,1
RI,117,408,0,13,207.6,65,152.7,77,232.8,95,9.7,3,1
KS,128,510,0,0,268.1,95,120.5,126,220.8,121,14.4,6,2
NV,88,415,0,0,166.7,61,179.3,88,242.7,131,6.8,7,4
FL,22,415,0,0,181.8,108,198.6,148,206.6,96,9.3,3,2
WY,78,415,0,0,147.1,80,199.7,100,160.7,106,13.7,7,0
WA,56,415,0,29,37.7,115,144.1,111,226.6,101,4.9,3,1
CO,192,415,0,0,185.0,88,224.9,98,212.4,105,11.4,3,2
WI,70,415,0,0,156.4,108,171.0,116,196.1,96,8.6,4,2
KS,148,510,0,0,239.3,84,195.7,85,232.6,104,10.9,3,1
MT,119,510,0,0,134.9,70,211.5,74,188.5,105,11.3,6,1
CO,80,415,0,0,194.8,116,209.9,93,194.1,100,12.8,3,0
FL,113,510,0,0,92.6,85,177.6,92,159.8,72,14.4,4,3
VT,75,510,0,0,209.4,133,211.5,121,291.2,123,7.2,4,1
OH,80,415,0,0,197.6,83,164.5,86,94.0,98,6.4,6,1
NH,148,408,0,0,17.6,121,161.7,125,203.1,82,10.6,6,1
FL,97,415,0,28,202.3,97,69.2,84,257.6,64,6.7,3,1
MD,166,415,0,0,136.1,116,181.4,93,131.4,108,11.3,4,0
WY,94,408,0,0,207.0,109,167.4,80,238.2,117,2.6,6,1
FL,85,408,0,33,207.9,95,233.5,88,221.3,92,13.5,3,1
TN,80,415,1,0,276.5,122,195.6,79,210.3,78,7.2,3,1
NC,210,415,0,31,313.8,87,147.7,103,192.7,97,10.1,7,3
IN,88,415,1,25,288.5,114,203.4,74,228.4,117,13.0,5,1
WV,154,408,0,35,64.9,76,184.1,91,151.6,75,14.6,1,1
UT,32,510,0,26,243.5,137,236.8,108,173.3,149,9.0,9,1
GA,18,408,0,0,197.0,97,203.7,107,202.0,105,8.7,3,3
AK,126,415,0,31,278.0,88,253.2,65,223.2,114,8.7,4,0
UT,144,510,0,37,219.9,102,222.1,77,118.5,111,10.0,4,1
AR,86,408,0,16,145.7,88,191.0,129,215.5,82,11.3,7,0
AK,138,415,0,37,75.8,102,173.6,147,162.6,96,8.2,13,0
AK,146,415,0,0,195.9,86,228.6,82,303.5,94,12.2,4,3
WV,74,510,0,0,124.0,102,262.1,101,268.2,98,11.7,2,2
CT,48,415,0,0,171.9,98,159.0,127,139.5,101,7.6,3,2
GA,74,510,0,31,249.4,70,209.5,59,180.6,75,9.9,2,4
NV,105,415,1,0,228.4,100,145.1,108,245.3,140,7.7,7,0
VT,157,510,0,0,168.6,71,205.1,48,175.8,88,5.9,2,3
DC,217,415,0,0,123.7,138,248.5,105,269.6,78,13.3,4,0
TN,68,415,0,0,178.7,61,252.3,84,255.7,76,8.4,4,1
OR,80,415,0,0,113.2,86,185.5,97,237.3,145,9.5,5,1
MS,38,415,0,25,142.4,106,313.7,109,126.6,117,13.4,6,2
NC,107,415,0,38,204.2,57,205.9,92,286.5,80,8.3,4,0
CO,140,415,0,0,149.7,71,212.5,97,245.9,67,12.6,4,3
AR,98,415,0,0,227.1,116,120.5,103,117.0,102,4.7,4,5
PA,114,415,0,0,155.3,75,169.9,87,207.0,133,12.6,5,2
MN,46,408,0,0,156.4,105,185.5,98,226.7,96,11.8,3,1
NM,118,415,0,42,148.7,105,167.3,105,270.6,105,10.4,7,0
UT,37,510,0,0,271.7,112,155.1,96,199.5,97,6.6,4,3
NE,34,415,0,0,193.7,74,126.9,84,221.2,166,8.8,4,0
NV,113,510,0,0,245.3,108,259.9,140,204.3,115,10.7,2,3
OR,69,408,0,0,196.1,87,236.8,66,182.3,75,11.9,1,0
NJ,59,510,1,31,225.0,78,191.3,79,226.7,79,9.1,3,1
WV,59,510,0,0,189.7,100,115.9,133,220.6,115,7.4,4,0
OR,190,415,0,0,142.9,96,177.9,96,113.3,117,6.6,4,0
KY,109,415,0,0,175.6,80,238.0,94,198.4,103,10.2,6,1
MO,136,415,0,0,92.4,109,219.0,115,212.6,80,12.9,4,2
TX,86,510,0,0,92.8,92,159.6,87,148.7,115,8.8,5,1
MN,100,415,0,27,221.7,100,236.1,70,192.7,91,8.0,4,0
FL,106,510,0,0,159.6,94,276.8,118,223.5,65,8.8,3,0
WV,129,415,0,0,159.1,100,202.5,90,233.1,96,11.5,6,2
IN,205,510,0,0,49.9,123,150.7,81,188.2,67,10.1,4,2
OK,93,415,0,32,116.9,120,232.4,97,127.7,112,11.0,9,0
DE,99,415,0,0,254.4,120,159.3,92,264.4,94,6.0,5,1
IL,71,415,0,0,207.0,112,173.8,96,178.4,61,12.1,3,1
UT,4,510,1,0,145.3,89,303.8,93,206.1,82,8.9,4,0
IL,148,408,0,25,230.7,102,233.8,109,215.8,90,13.5,2,3
WA,141,415,0,0,151.5,104,242.2,114,304.2,109,10.8,2,1
NM,56,408,0,0,146.1,57,196.2,97,310.1,110,9.2,3,0
VA,43,408,0,35,200.2,105,244.4,88,207.2,97,11.6,4,3
MT,42,415,0,0,150.7,52,246.7,96,103.8,118,7.0,4,2
CT,135,415,1,0,186.0,107,66.0,94,213.1,105,12.9,4,1
AL,106,415,0,0,212.9,110,187.0,69,128.1,71,6.3,3,3
WV,106,510,0,0,194.8,133,213.4,73,190.8,92,11.5,7,0
MO,83,415,0,30,272.5,105,253.0,83,180.8,123,8.7,6,3
ND,110,415,0,0,135.1,109,205.2,99,166.3,119,11.7,4,1
GA,109,510,0,35,230.5,116,265.8,130,269.7,69,10.6,6,5
LA,124,510,0,0,143.3,120,230.7,111,214.3,91,7.8,2,4
UT,110,415,0,0,271.1,108,237.0,122,239.9,122,9.8,5,2
AZ,124,415,0,0,253.5,104,117.9,123,248.5,104,14.0,2,0
NY,82,415,0,0,167.1,77,131.8,79,187.4,98,9.4,1,6
AL,137,415,0,0,104.7,115,249.8,144,192.3,99,8.9,2,1
IN,69,510,0,0,135.4,101,238.1,124,195.6,102,10.6,2,1
NM,16,510,0,0,144.8,84,164.9,141,231.5,75,8.2,4,2
AL,119,415,0,0,98.8,97,146.9,68,190.7,105,10.0,4,3
MN,124,510,1,0,157.8,71,203.2,114,168.7,82,10.0,2,3
NY,122,415,0,37,163.0,107,312.8,118,200.0,85,11.6,5,1
MD,139,415,0,0,181.6,119,335.7,118,149.8,64,8.3,6,4
KS,67,510,0,0,129.0,78,188.0,116,235.0,102,11.2,3,2
WV,84,408,0,0,86.0,83,260.7,86,98.6,109,8.9,4,1
ID,101,510,0,17,193.9,71,189.8,81,196.3,97,12.6,7,0
LA,40,510,0,0,109.4,107,244.7,102,276.9,123,7.1,7,0
MI,61,415,0,0,188.9,105,153.6,116,213.3,106,10.2,2,2
TN,120,408,1,0,179.9,72,170.0,98,190.6,89,13.8,2,1
CA,95,415,0,0,183.4,98,281.3,95,105.2,113,8.2,8,1
FL,98,408,0,0,288.1,101,137.9,93,206.5,88,0.0,0,0
LA,114,415,0,0,169.2,96,149.9,83,196.9,119,4.6,4,2
CT,22,408,0,0,207.7,116,210.6,99,238.2,88,9.6,5,0
PA,176,415,0,0,169.5,151,112.9,84,56.6,99,8.7,4,0
TX,152,415,0,0,141.5,102,263.0,94,207.1,113,3.4,4,2
VA,118,408,0,0,154.8,71,244.0,73,159.6,81,12.8,4,0
MO,101,415,1,0,133.5,51,219.6,96,210.0,74,11.7,4,1
ND,118,408,0,0,224.6,94,225.9,120,269.0,105,12.5,8,2
FL,105,415,0,0,273.8,97,289.7,106,269.1,126,5.8,3,2
KY,71,415,0,0,104.0,92,197.0,125,110.1,123,14.6,8,0
MD,71,415,0,31,115.4,90,217.4,78,239.9,102,13.1,4,1
IN,68,415,0,0,222.1,107,199.4,102,162.4,107,9.4,3,2
MA,66,415,0,0,116.4,98,95.6,74,181.5,94,10.5,3,3
ND,101,415,0,0,217.7,118,231.7,128,185.3,128,0.0,0,3
VT,116,415,0,0,129.4,84,157.3,89,215.5,77,13.3,3,0
CT,54,415,0,33,161.8,73,273.0,58,153.9,76,13.7,4,0
VA,112,408,0,29,198.8,122,238.6,114,289.5,69,11.5,5,1
MS,122,408,0,45,147.8,85,147.4,93,203.5,110,14.0,5,1
AK,74,415,0,0,262.3,114,198.9,96,165.9,90,6.6,5,3
WY,90,415,0,0,246.4,83,160.3,88,170.9,99,7.6,7,1
NY,112,415,0,0,174.3,123,140.2,124,215.4,89,9.0,6,4
NC,85,510,0,0,183.4,111,168.8,98,199.7,97,9.9,4,4
IL,100,415,0,0,191.9,95,200.9,101,271.9,74,18.2,3,1
OH,114,415,0,0,187.8,109,154.6,97,213.9,102,10.1,3,2
RI,83,510,0,0,259.7,106,152.7,116,224.7,92,10.2,2,0
WY,157,415,1,0,180.4,123,194.0,98,227.3,88,8.4,5,0
OR,51,510,0,0,51.8,107,230.2,104,227.5,118,10.4,4,2
NV,42,415,0,0,303.9,106,232.2,54,147.1,76,5.8,3,1
ND,101,415,0,36,123.7,125,172.6,106,280.5,127,8.8,4,1
OR,112,510,0,0,206.2,122,164.5,94,140.3,101,12.6,7,3
ND,56,510,0,0,164.3,92,233.7,107,187.3,104,11.8,1,2
NJ,53,408,0,0,228.6,117,132.8,123,227.2,124,10.1,2,9
WV,64,415,0,22,200.4,80,131.1,84,230.7,67,7.6,5,1
VA,123,408,0,0,154.3,107,183.0,111,54.0,134,10.9,8,0
ID,68,510,0,30,122.9,93,233.5,91,199.5,144,9.6,2,2
CT,40,510,1,0,220.8,100,265.7,106,212.8,94,6.4,3,0
NM,132,408,0,0,214.6,78,251.7,98,240.8,88,13.9,2,0
CT,120,408,1,0,202.0,123,184.3,78,176.0,89,7.4,2,2
MI,108,408,0,32,209.5,108,109.6,64,189.7,145,9.1,6,6
SC,161,510,0,0,297.9,141,238.1,107,240.5,93,8.9,5,1
SC,130,415,0,0,212.8,102,189.8,137,170.1,105,10.6,4,0
MT,130,408,0,19,152.9,87,213.2,99,205.3,114,10.8,6,2
WY,90,510,0,0,125.4,158,269.1,83,238.6,103,11.0,7,1
NE,139,415,0,25,138.3,96,80.6,79,163.7,83,8.3,8,0
IN,57,415,0,0,189.3,157,174.9,70,221.9,117,11.2,5,3
CO,128,510,0,0,199.3,86,194.8,102,298.2,82,14.3,2,4
MD,107,415,0,0,294.9,71,192.8,78,148.1,87,13.2,5,1
OK,177,408,0,0,175.4,99,155.3,83,179.4,86,11.5,3,1
SD,121,415,0,0,179.4,70,143.0,93,116.3,113,11.2,5,1
SC,99,510,1,39,126.8,94,293.6,115,174.1,91,8.4,4,0
NY,77,415,0,33,143.0,101,212.2,102,104.9,120,15.3,4,5
WV,21,415,0,0,91.9,109,198.4,111,171.7,125,13.0,7,2
WA,56,408,0,0,210.4,80,176.6,96,149.7,56,15.5,4,1
ID,92,415,0,29,201.3,130,203.7,115,129.9,113,6.4,6,1
MN,81,510,0,0,145.6,59,287.9,131,181.7,121,9.2,4,2
TX,139,510,1,31,203.5,82,200.3,72,214.0,112,13.4,6,1
AZ,68,415,0,0,232.4,76,153.3,103,214.6,107,10.5,2,1
DE,183,415,0,8,86.5,119,285.2,97,180.4,133,8.7,2,2
WI,165,408,0,0,156.0,88,276.1,81,175.9,94,9.3,5,1
WI,89,415,0,0,326.3,112,165.1,110,162.9,97,7.5,1,1
NJ,59,510,0,0,195.0,58,198.5,88,304.3,110,14.8,9,0
IL,16,415,1,0,110.0,91,147.3,75,190.5,73,6.4,7,0
DC,114,415,0,0,147.1,119,161.0,111,275.9,106,9.0,3,5
IA,113,510,0,0,156.0,141,256.8,72,175.3,123,11.9,5,2
GA,120,408,0,0,98.2,99,186.7,85,146.7,96,9.3,4,2
AK,115,415,0,0,210.6,120,153.1,84,262.2,79,11.0,5,0
MN,100,415,1,0,159.9,94,179.9,95,154.4,102,11.6,2,2
SC,1,408,0,0,123.8,113,236.2,77,73.2,81,3.7,2,0
MT,97,415,0,15,117.6,97,196.3,126,157.4,113,6.4,3,1
KY,55,415,0,28,105.3,82,197.4,109,187.5,91,8.6,6,2
WV,75,415,0,0,111.7,121,237.3,119,253.5,110,13.1,6,1
ID,83,415,0,0,159.3,104,202.3,98,229.0,73,9.5,3,2
MN,40,510,0,0,81.7,123,210.2,108,212.0,64,11.3,3,6
MA,101,415,0,21,238.0,88,209.6,84,233.0,95,10.0,5,2
MD,120,415,0,40,128.1,99,247.7,78,199.7,121,15.6,3,0
SD,183,415,0,31,171.2,104,193.6,74,196.5,85,10.2,4,1
PA,75,510,0,0,109.0,88,259.3,120,182.1,119,13.3,3,4
KY,80,415,0,0,220.0,114,207.7,76,168.4,137,12.1,3,2
ID,88,415,0,0,55.6,65,242.7,121,176.3,134,11.3,4,0
NY,112,415,0,23,286.6,79,315.3,102,193.9,101,10.3,6,1
NM,63,510,0,0,207.6,96,229.0,112,162.6,131,13.3,2,1
CA,105,415,0,31,109.6,108,249.3,119,321.2,101,8.3,4,4
WY,177,415,0,0,175.7,120,168.6,90,198.9,110,14.6,4,1
NM,118,510,0,0,205.2,115,184.8,137,176.1,115,7.0,6,0
ID,82,510,0,34,232.6,121,153.2,115,286.7,77,4.7,3,3
NC,74,415,0,0,102.7,89,149.3,100,188.1,114,11.0,5,0
AL,125,408,0,0,169.3,90,156.0,138,210.8,106,11.6,6,2
VA,138,415,0,0,251.0,119,91.2,96,142.2,87,13.8,3,3
ID,119,415,0,0,230.4,117,225.0,101,198.5,111,7.6,6,3
NY,137,510,0,0,109.8,120,230.5,86,255.8,103,11.9,6,1
NC,182,415,0,0,279.5,118,203.2,113,174.2,101,10.7,4,2
HI,134,415,0,38,214.4,93,211.7,57,165.0,79,10.0,8,1
DC,45,415,0,0,96.1,103,246.8,134,229.7,92,9.7,4,1
LA,163,408,0,23,224.0,126,233.5,89,293.9,104,8.8,4,1
HI,105,415,0,0,211.1,99,176.7,66,221.5,96,14.7,7,4
FL,119,415,0,0,109.2,96,153.1,80,240.0,102,9.8,5,2
WY,78,408,0,0,220.0,95,179.9,121,188.2,109,11.5,5,0
OR,125,408,0,32,96.5,109,145.8,109,174.4,82,9.4,2,1
IN,88,415,0,0,183.5,93,170.5,80,193.8,88,8.3,5,3
MD,83,408,0,38,107.9,90,140.4,94,253.6,79,10.5,2,0
TN,3,510,1,0,161.0,96,244.9,82,180.8,103,7.7,6,1
WA,48,510,0,0,149.2,146,161.9,109,197.9,109,8.3,2,3
IN,129,415,0,0,137.8,120,225.8,110,145.2,95,10.2,6,1
CO,66,408,0,40,141.7,87,268.3,89,241.3,68,8.5,7,0
TX,80,510,0,22,196.4,115,150.3,109,176.2,75,9.3,1,0
WV,84,408,0,0,146.8,133,171.7,73,234.5,69,9.9,3,1
MA,96,415,0,0,173.9,111,287.4,105,204.8,91,9.1,7,1
TN,123,415,0,34,305.2,80,156.5,109,280.0,81,13.2,7,1
ID,116,510,1,29,162.3,91,279.3,79,192.7,131,11.7,2,3
DE,105,415,1,0,150.0,106,293.8,123,250.7,65,10.3,7,3
VA,80,415,0,0,197.5,114,206.9,119,163.6,109,11.3,4,1
MT,157,408,0,0,240.2,67,153.0,98,249.0,72,10.2,6,2
ID,67,510,0,30,186.2,117,286.7,76,164.3,113,12.9,3,2
MD,79,415,0,17,236.7,95,263.5,56,259.6,107,12.0,4,1
MS,76,408,0,0,173.2,93,131.2,80,170.9,104,5.4,3,0
OH,94,415,0,0,181.3,135,182.4,108,180.6,103,6.7,2,0
AR,109,510,0,0,175.4,125,250.7,87,289.3,74,9.8,9,1
AZ,138,415,0,0,87.6,112,266.9,107,214.6,104,9.8,10,2
SC,73,415,0,0,203.3,45,141.9,87,200.7,71,8.5,6,0
KY,21,415,0,0,92.6,95,161.9,70,285.0,78,11.3,3,5
NE,103,408,0,0,160.8,91,155.8,82,254.3,103,8.5,3,1
MN,79,408,0,32,50.6,62,201.4,87,146.8,121,4.2,4,2
NV,89,415,0,0,134.9,59,156.0,152,197.5,112,10.2,5,1
CA,120,415,0,0,252.1,110,226.1,103,155.6,83,13.8,3,1
UT,121,415,0,41,215.5,95,241.8,92,147.0,108,9.6,3,1
IL,101,415,0,0,124.8,66,257.2,85,193.2,115,13.4,4,0
DC,115,408,0,0,178.7,114,271.0,96,245.9,94,16.4,5,2
IN,168,415,0,0,183.2,131,179.2,73,292.8,100,9.9,5,2
MS,70,510,0,0,147.1,105,200.0,135,234.9,65,12.5,9,3
VT,138,415,0,0,230.1,107,212.0,120,174.9,119,13.2,4,1
VT,43,408,0,0,135.8,125,163.2,88,229.8,106,12.6,3,0
UT,117,510,0,20,205.7,98,136.1,107,159.4,147,8.7,3,2
KY,108,408,0,0,73.8,105,143.4,114,170.2,98,10.9,3,2
VA,118,408,0,0,189.3,119,233.5,112,270.9,104,10.0,1,2
AZ,62,408,0,42,137.3,95,184.2,94,231.4,70,10.2,3,0
NY,86,510,0,0,70.7,125,211.0,113,174.6,107,0.0,0,2
VA,44,408,0,0,204.6,117,205.2,94,164.6,84,10.7,5,0
MD,111,510,0,0,123.1,88,213.9,84,184.9,88,12.0,2,5
MA,127,510,0,19,129.7,115,160.8,101,265.0,63,12.2,3,2
IL,151,415,1,0,198.7,70,209.5,106,281.9,126,12.4,4,0
PA,137,415,0,0,215.9,76,145.4,118,186.9,129,12.1,4,1
TN,106,415,0,0,119.2,142,228.4,139,197.9,61,8.4,9,2
NJ,88,510,0,0,144.3,116,156.4,74,214.7,90,7.8,10,3
VA,106,415,0,0,235.2,121,220.6,87,236.3,91,11.8,4,1
NJ,57,510,1,0,115.0,65,122.3,96,245.0,75,6.4,1,0
WA,184,408,0,0,151.7,93,178.5,77,229.1,111,13.1,8,2
AR,109,510,0,0,153.1,102,234.1,77,329.2,74,9.9,9,3
WI,127,415,0,0,218.6,93,149.9,130,204.6,131,9.2,5,2
ME,174,415,0,0,190.3,98,252.7,70,220.6,97,7.2,9,2
CO,92,415,0,0,184.7,60,262.0,73,239.5,120,12.3,6,2
CO,81,408,0,0,115.3,99,224.7,117,152.5,98,18.0,2,1
CT,119,408,0,0,294.2,100,232.5,53,195.0,64,9.0,1,0
NC,122,415,0,0,215.6,86,167.8,59,207.0,67,6.4,8,3
WY,34,408,0,0,128.8,80,208.7,93,202.1,103,14.0,7,1
FL,90,415,0,24,71.2,82,181.6,103,186.9,111,12.9,1,1
KY,73,408,0,0,94.9,121,253.2,83,175.1,86,14.2,2,2
SC,19,510,0,0,259.4,116,269.7,109,175.3,130,9.5,3,1
WA,120,408,0,28,215.8,123,285.2,76,192.1,78,6.9,3,1
MT,160,415,0,0,97.5,113,268.1,69,255.3,62,13.2,4,3
PA,141,510,0,0,146.5,121,169.9,125,238.8,112,8.2,5,0
VT,72,415,0,0,139.9,117,223.6,96,240.8,93,12.7,4,2
MN,117,408,0,21,153.2,112,263.3,110,135.0,85,11.9,7,1
IL,79,408,1,0,103.5,134,319.3,111,239.9,124,8.4,4,2
AR,87,408,0,0,185.8,119,192.3,83,200.0,96,6.6,4,1
MD,102,415,0,0,129.5,56,354.2,118,145.5,93,10.9,3,1
MT,49,408,0,0,236.6,91,220.9,146,146.8,114,8.9,2,1
VT,67,408,0,0,260.4,107,208.2,104,207.9,115,10.0,2,6
CO,107,415,0,0,167.3,100,163.9,79,185.9,100,6.7,5,2
WA,118,510,0,0,113.0,80,150.1,87,204.3,115,10.8,4,2
TN,120,415,0,0,185.7,133,235.1,149,256.4,78,16.9,6,0
AR,94,408,0,0,136.2,114,165.1,118,137.9,71,9.6,5,0
DC,115,510,0,29,222.6,81,190.3,109,201.2,87,11.5,2,1
MN,61,415,0,0,197.3,67,264.5,106,210.5,116,9.0,6,1
KS,110,510,0,0,208.0,69,95.1,94,178.5,129,8.0,11,1
ND,104,415,0,0,118.5,92,177.8,109,255.7,98,12.1,4,1
MT,16,510,0,0,153.2,65,229.7,90,148.2,94,10.7,8,1
DC,147,408,0,0,168.6,92,187.7,107,216.5,95,14.4,8,2
MS,102,510,1,0,224.2,81,243.3,90,147.8,66,12.0,8,3
IA,64,415,0,43,118.4,100,144.1,108,158.1,91,8.5,6,1
AK,103,510,0,0,190.9,62,226.6,53,230.1,96,7.8,3,2
MN,152,415,0,0,317.8,60,152.9,100,123.4,63,10.4,7,1
WV,124,415,0,0,312.0,112,180.0,109,168.6,94,12.8,4,1
OR,97,415,0,0,146.0,121,203.0,141,151.8,120,13.3,2,1
MS,131,415,0,0,131.6,95,179.3,109,251.2,129,15.5,3,1
ME,57,415,0,33,193.4,105,231.6,79,226.2,90,11.1,11,2
MN,157,510,0,0,185.1,92,213.0,85,196.1,85,8.5,5,2
GA,194,510,0,0,193.3,106,169.0,150,225.2,122,11.8,4,0
DC,66,415,0,0,146.4,107,196.5,99,230.1,106,7.8,2,1
NY,123,415,0,0,123.2,104,190.0,117,170.3,95,12.9,5,4
OK,116,510,0,0,205.0,90,140.9,114,272.6,96,7.5,4,2
OK,63,415,0,0,128.7,78,240.8,133,237.7,121,12.8,6,1
GA,64,510,0,0,216.9,78,211.0,115,179.8,116,11.4,5,3
NJ,96,510,0,0,150.0,122,218.5,116,212.4,89,9.8,1,3
ME,105,510,0,0,212.0,113,226.6,128,193.6,114,8.9,7,3
MI,53,510,0,37,167.3,99,194.7,99,236.7,112,12.0,9,2
NE,129,510,0,30,177.3,95,211.8,102,240.2,108,9.3,7,3
VT,93,408,0,0,149.6,120,200.7,85,181.2,107,14.3,9,0
OH,115,510,1,0,345.3,81,203.4,106,217.5,107,11.8,8,1
AL,25,408,0,0,264.9,80,281.2,66,166.1,80,8.4,4,1
DC,73,408,0,0,122.0,92,138.3,114,224.2,128,5.8,5,1
DE,97,510,0,0,225.1,90,279.5,127,233.8,103,8.8,4,0
NY,148,408,0,0,208.4,120,174.4,99,310.7,105,11.2,4,1
AL,85,408,0,30,173.1,107,247.2,101,158.7,104,11.5,5,1
OK,86,510,1,0,162.4,131,167.0,102,128.9,118,11.4,2,2
MS,78,415,0,13,281.2,93,178.2,101,244.2,129,6.4,5,2
MD,106,415,0,0,208.3,89,169.4,67,102.0,90,15.9,4,3
AR,145,415,0,0,224.2,89,314.9,121,182.9,121,16.1,3,1
IL,91,415,0,0,189.3,100,239.3,107,89.7,89,9.9,3,3
UT,116,415,0,24,232.9,90,152.1,94,344.3,82,10.7,6,1
LA,69,415,0,37,155.0,98,142.4,105,143.7,117,5.9,4,1
ID,135,510,0,0,154.4,130,203.8,90,158.7,59,11.8,3,0
KY,73,510,0,0,234.7,102,195.7,110,253.4,71,8.4,8,2
MI,48,415,0,0,240.0,88,141.0,117,128.9,137,7.1,9,1
NH,125,415,1,0,298.4,78,270.5,142,107.3,84,12.2,2,0
WV,100,415,0,0,166.0,102,236.1,97,134.3,93,10.9,4,1
SD,64,415,0,0,174.5,98,180.2,103,179.0,89,10.7,2,2
MD,116,510,1,27,175.5,137,210.6,60,294.8,121,6.9,5,1
ND,147,408,1,35,157.5,109,189.6,67,227.0,76,11.1,2,3
MO,84,415,0,35,207.5,138,201.0,116,164.5,107,7.5,16,4
IL,86,510,0,16,144.8,105,206.2,111,255.4,117,11.6,2,4
UT,134,415,0,0,258.8,85,129.5,114,193.6,106,10.9,7,2
MI,105,415,0,0,226.9,106,182.2,77,203.9,107,11.6,2,0
AR,88,408,0,0,152.9,119,171.2,107,257.0,106,12.0,5,2
AK,86,408,0,0,150.8,85,295.9,88,247.2,104,12.5,1,1
NH,141,415,0,32,322.4,92,283.2,107,209.5,111,6.7,3,1
NM,148,408,0,0,153.6,148,262.1,87,225.5,99,9.8,3,2
MN,163,408,0,22,215.1,91,138.9,102,146.2,109,12.4,2,2
IA,89,415,0,35,174.4,108,196.7,100,127.4,74,11.8,3,1
RI,63,415,0,0,180.5,126,230.0,98,232.5,73,10.6,3,0
AL,102,415,0,0,123.1,106,182.0,102,244.6,75,12.6,7,2
SD,104,408,0,0,200.2,92,118.7,87,236.6,65,6.0,6,2
MT,63,415,0,33,184.2,111,312.6,89,264.0,55,12.2,4,1
KY,105,415,0,24,274.7,99,193.5,118,299.6,109,10.8,3,3
DC,68,415,1,39,142.0,140,241.6,89,302.0,72,11.3,5,1
CO,63,408,1,21,151.5,99,147.8,89,210.4,114,10.0,4,1
KS,91,408,1,0,246.4,110,182.0,98,157.6,106,12.1,2,2
NC,101,415,0,0,232.7,114,186.4,123,153.3,122,11.5,6,5
SC,116,408,0,0,288.0,120,255.8,90,233.4,99,13.4,4,0
CO,131,415,0,23,170.8,145,236.7,93,294.5,100,12.7,1,1
MN,84,415,0,0,216.1,114,197.5,107,217.8,104,9.8,3,1
WY,104,415,0,0,138.7,100,215.4,58,164.3,98,4.9,4,2
FL,108,510,0,0,210.7,112,238.7,73,253.6,90,9.2,5,3
NY,111,415,0,0,181.8,117,158.1,91,266.2,123,9.7,9,0
OK,155,408,0,30,61.6,103,255.1,110,225.9,96,12.4,5,1
ME,66,510,0,0,207.7,85,196.7,112,261.7,83,6.8,3,1
NE,64,510,0,0,219.2,73,167.0,65,161.4,119,10.0,5,1
OH,69,415,0,0,227.0,122,258.7,111,169.7,87,8.9,1,2
DC,101,415,0,0,257.3,84,184.8,115,108.9,109,13.5,7,0
OK,15,415,0,0,121.1,130,216.0,86,235.1,33,16.1,5,2
NJ,88,415,0,0,301.5,136,257.7,72,132.9,118,13.4,2,4
IA,197,415,0,0,233.9,96,218.9,111,182.9,109,9.5,3,0
VA,50,415,1,0,99.6,108,308.7,102,161.2,62,13.7,6,2
VA,172,510,0,0,169.8,123,183.1,94,395.0,72,12.7,7,2
NM,188,415,1,26,198.8,115,166.6,67,198.5,118,14.4,3,1
FL,85,408,1,0,116.2,86,229.7,127,204.2,109,10.1,3,3
RI,103,510,1,0,255.9,128,140.9,92,308.9,130,12.1,2,1
NJ,136,408,0,27,187.7,84,221.0,147,145.7,110,10.0,4,3
NE,155,408,0,21,195.9,91,213.9,84,88.2,111,8.6,4,0
WV,145,415,0,0,129.4,97,185.4,101,204.7,106,1.1,2,2
WY,116,510,0,12,221.0,108,151.0,118,179.0,80,9.0,6,2
SC,152,408,0,0,140.5,92,186.8,96,227.0,89,9.5,5,2
MS,65,415,1,0,277.9,123,155.8,112,256.9,71,9.2,10,0
ND,180,415,0,0,224.9,105,250.0,101,216.1,73,6.7,5,3
IL,67,415,0,0,109.1,117,217.4,124,188.4,141,12.8,6,0
OR,60,415,0,0,207.8,109,123.5,112,291.6,115,5.7,9,0
IA,44,415,0,0,308.6,139,150.8,94,198.7,66,7.3,3,4
ME,25,510,0,0,242.6,69,209.0,117,219.7,82,14.4,6,2
WY,145,408,0,0,229.6,82,138.1,103,250.8,109,3.3,3,1
WI,122,510,0,28,166.0,62,233.9,88,170.1,84,7.7,3,2
SC,121,415,0,0,144.8,126,200.6,82,208.8,81,13.3,9,0
DC,55,510,1,0,106.1,77,123.5,100,96.4,92,12.9,3,0
CT,77,415,0,0,221.8,84,166.0,125,210.2,72,13.2,4,1
OR,12,415,0,0,204.6,98,212.5,90,182.1,95,9.8,7,2
OR,64,510,0,0,213.5,93,166.6,114,122.0,78,14.1,3,3
NV,92,415,0,44,152.0,95,274.9,73,162.4,121,10.0,1,2
MN,125,415,1,29,260.8,81,163.7,112,271.7,117,17.0,6,1
OK,160,408,0,0,166.4,117,317.0,129,160.4,121,10.0,2,1
KS,79,415,0,0,177.9,83,167.3,84,223.7,142,15.2,8,0
RI,36,415,0,0,235.1,97,196.8,104,259.7,110,7.0,7,3
IL,138,408,1,0,268.4,81,174.4,115,193.5,96,11.6,4,1
WI,72,408,0,0,179.9,113,149.8,112,168.2,79,9.8,7,2
MI,74,415,0,0,314.1,86,222.4,99,259.0,121,12.3,5,3
MI,134,415,0,41,162.0,82,324.7,77,160.1,112,11.9,5,0
MA,145,415,0,0,175.8,89,274.3,119,226.6,69,12.4,4,1
AL,136,510,0,0,109.4,91,207.5,111,135.0,107,11.6,5,0
WI,66,415,1,0,208.7,84,173.3,88,264.7,107,8.3,3,3
VT,152,510,0,20,214.6,108,96.6,82,170.7,145,7.9,5,1
CT,162,408,0,0,49.2,121,143.9,136,203.0,97,12.1,13,1
OR,72,510,0,0,141.3,133,134.9,96,227.5,97,11.2,3,2
HI,101,415,0,0,253.2,89,237.9,114,154.3,85,9.7,7,4
WV,125,415,0,0,206.0,128,198.1,71,135.9,116,13.2,3,0
RI,46,408,0,0,40.4,105,172.4,83,145.1,89,9.0,2,2
MI,132,408,0,0,291.2,104,234.2,132,191.7,87,8.9,3,1
ME,193,415,0,31,71.2,58,124.7,105,155.5,108,11.7,3,0
WV,63,510,0,0,261.8,69,245.0,135,202.1,94,14.7,4,0
NE,124,510,0,0,191.3,134,261.5,113,182.3,111,10.0,3,1
DC,144,415,0,0,133.3,101,255.5,127,228.6,68,11.6,2,0
NH,97,408,0,28,283.1,93,185.4,98,312.8,78,6.1,8,1
WV,137,510,0,50,186.5,94,178.0,106,215.6,100,12.1,4,2
IL,142,415,0,38,163.3,104,136.0,114,249.1,127,4.3,6,0
NH,119,415,0,19,178.1,110,212.8,100,226.3,123,10.0,6,1
MI,158,415,0,0,195.9,103,89.1,95,302.2,82,10.3,3,1
ND,50,415,0,0,295.3,127,127.4,100,166.8,105,9.6,6,1
LA,98,408,0,0,136.1,82,156.3,118,158.8,83,10.1,5,2
HI,101,415,0,24,114.1,95,161.5,86,176.3,90,13.0,9,2
WV,51,408,0,0,169.3,111,139.5,69,197.0,87,12.0,3,0
NC,117,510,0,0,214.4,94,138.0,149,148.7,102,9.9,1,2
PA,92,415,1,0,255.8,125,142.7,111,181.2,101,11.7,3,0
MI,86,408,0,0,148.2,71,285.1,91,166.4,155,6.2,3,2
WY,122,415,0,0,119.3,93,223.9,103,211.9,122,8.7,4,2
NJ,156,408,0,27,192.3,137,199.9,115,244.2,112,14.8,8,1
NJ,127,510,0,0,245.2,91,217.2,92,243.1,128,13.9,6,0
NC,130,408,1,0,216.2,106,363.7,86,126.7,123,16.9,2,5
NM,158,408,0,0,172.4,114,256.6,69,235.3,104,0.0,0,2
MS,145,510,1,30,175.3,107,153.3,116,233.6,85,11.1,3,1
TX,90,415,1,26,169.0,104,188.8,104,213.3,76,13.3,3,0
OK,127,510,0,27,2.6,113,254.0,102,242.7,156,9.2,5,3
ID,109,415,0,0,184.1,143,211.7,105,243.0,116,9.9,2,1
AL,88,415,0,0,181.9,90,151.5,87,143.0,100,7.5,3,1
WY,101,510,0,9,160.1,116,210.0,121,139.1,65,10.8,9,0
VA,21,415,0,0,223.2,142,216.5,114,214.7,111,12.4,2,1
WV,145,408,0,31,216.0,94,225.1,123,234.7,109,10.7,1,2
CA,33,408,0,0,159.5,115,195.4,118,102.4,86,7.1,7,1
PA,61,408,0,40,105.0,78,180.6,100,174.1,115,10.2,2,2
CO,107,415,0,0,204.5,108,162.4,110,155.0,102,13.4,1,3
MD,147,408,0,0,274.0,92,231.8,82,283.6,83,6.2,1,0
AL,95,415,0,0,229.9,116,202.4,110,171.4,105,14.2,6,1
MI,128,415,0,0,179.4,94,270.4,92,191.0,88,7.9,4,0
OH,134,415,0,0,7.8,86,171.4,100,186.5,80,12.9,2,2
IN,96,415,0,23,183.1,88,147.4,89,350.2,108,11.3,7,1
SC,107,415,0,0,206.9,79,262.4,117,149.3,69,10.7,3,0
KS,123,415,0,0,140.0,106,153.7,101,50.1,87,12.5,1,2
OK,35,415,0,0,179.2,59,283.3,101,285.4,83,5.8,7,2
IL,137,408,1,0,237.3,103,176.7,84,263.4,81,14.2,4,0
TN,88,415,0,0,181.5,116,187.0,119,220.3,96,10.5,7,1
NC,116,408,0,19,155.7,104,185.4,118,192.7,116,8.2,2,3
RI,123,510,0,23,245.0,88,265.0,105,239.7,108,14.9,3,2
VA,146,415,1,0,111.1,126,313.4,95,215.7,82,10.5,6,1
KY,106,510,0,9,88.5,100,324.8,109,79.9,86,8.2,4,3
NV,121,408,0,44,116.0,85,150.1,120,246.8,98,12.0,2,1
WI,137,510,0,0,155.5,81,133.1,94,253.1,77,9.1,2,1
NE,67,510,0,31,175.2,68,199.2,73,219.8,99,13.2,6,1
WI,161,408,0,0,154.7,84,177.8,125,172.9,90,5.9,2,4
ME,62,415,1,32,218.4,93,236.7,132,192.2,137,13.2,3,0
WY,120,415,0,24,227.5,81,234.9,71,166.4,128,9.0,13,1
IN,130,408,0,30,185.0,117,249.5,141,157.8,103,7.4,7,0
WI,20,408,0,0,186.8,89,253.4,51,273.1,105,12.3,6,2
CA,112,415,0,0,208.7,150,212.8,104,178.1,98,8.5,4,0
IN,77,408,0,0,185.9,95,212.0,98,282.3,81,11.3,4,3
SC,109,415,0,0,222.5,74,169.7,75,264.3,94,9.0,3,2
IN,108,415,0,0,201.1,101,170.7,86,237.4,113,11.6,3,3
IA,79,415,0,17,167.9,114,243.7,93,211.9,114,9.1,2,1
MN,38,510,0,0,175.7,109,211.8,97,137.9,109,9.2,3,5
AR,109,415,0,29,111.2,90,263.5,98,224.7,128,9.0,6,6
MS,78,415,0,0,87.7,74,214.8,58,201.3,147,10.8,6,1
MN,134,415,0,0,244.1,99,246.9,111,200.0,133,7.2,2,0
WA,47,415,0,27,165.0,89,127.3,118,284.4,95,7.7,4,2
MS,59,408,0,27,127.4,110,103.3,99,164.2,73,9.1,3,0
ID,151,415,0,0,194.8,106,292.7,103,224.6,82,5.5,3,0
NC,129,415,0,0,54.7,131,256.1,105,176.6,135,11.1,4,1
VA,107,510,0,27,283.4,104,224.1,152,241.3,63,14.4,7,2
MT,137,408,1,0,258.0,112,246.5,117,173.2,100,10.9,3,0
MI,76,510,0,0,90.5,142,211.7,75,194.9,76,9.3,2,1
HI,24,415,0,0,235.6,132,115.9,129,185.4,136,16.2,2,0
NC,169,408,0,0,142.5,82,231.4,110,131.2,67,10.0,4,2
MN,30,408,0,0,54.0,68,179.3,96,247.2,101,10.2,8,1
WV,70,415,0,0,214.8,87,131.0,114,216.9,104,9.4,3,3
SD,52,510,1,0,251.4,118,196.6,80,192.0,53,11.0,2,0
HI,3,408,0,0,139.0,99,250.7,108,286.2,87,6.1,3,4
MS,38,415,0,0,117.3,114,208.7,105,203.4,98,14.4,2,2
NY,104,415,0,0,264.0,108,132.2,75,177.7,91,10.6,8,3
LA,27,408,0,0,82.6,105,204.0,99,224.2,122,9.1,4,1
MA,13,408,0,0,220.4,100,211.2,79,259.3,112,13.6,8,2
AK,52,408,0,0,217.0,104,152.3,83,134.3,109,11.8,4,2
SD,114,415,0,25,129.0,77,290.0,110,177.1,110,11.6,5,1
CO,156,408,0,0,150.5,106,152.9,112,215.9,86,3.5,3,1
WV,62,415,0,0,189.5,122,103.8,95,180.6,106,10.8,5,2
ME,52,510,0,0,129.3,80,142.7,101,258.3,89,12.3,4,3
NH,146,510,0,0,115.6,77,213.6,100,218.4,72,10.7,6,1
RI,120,415,0,23,221.9,114,254.7,84,250.5,117,7.2,5,2
WI,90,408,0,0,61.3,91,194.4,94,143.1,80,11.4,9,1
NM,147,408,1,0,183.8,113,164.7,110,111.0,87,10.1,4,1
WY,159,415,0,0,167.4,68,143.8,74,140.1,111,10.3,3,0
IL,74,510,0,27,154.1,122,195.3,150,276.7,86,13.2,2,4
MI,87,415,0,0,198.3,80,187.0,89,133.5,96,16.6,4,2
VA,99,510,0,0,128.3,78,215.3,120,143.7,140,14.3,9,2
SD,131,510,0,0,187.9,110,200.5,101,202.6,125,10.2,11,2
AL,89,510,0,0,129.2,71,214.1,68,214.9,100,10.3,4,5
MS,123,415,1,0,125.5,106,128.9,96,251.9,129,6.3,6,4
MS,130,510,0,26,257.2,108,224.3,122,204.0,118,12.6,4,1
HI,99,415,0,0,124.6,90,146.4,70,169.4,95,10.5,6,1
WV,36,408,0,0,175.1,144,216.9,69,243.7,146,9.9,3,1
WV,87,415,0,0,124.3,91,173.4,105,256.3,109,7.5,5,3
WV,139,415,0,0,271.6,130,156.0,131,136.3,108,11.6,9,2
IN,189,510,0,0,219.9,80,143.3,117,130.6,69,11.7,7,1
NM,96,415,0,33,183.3,115,201.4,87,177.4,84,10.4,15,3
DE,112,408,0,0,101.1,119,214.4,67,179.5,112,10.3,5,2
NJ,108,415,0,41,171.6,110,136.1,78,183.4,103,10.8,7,0
RI,121,510,0,20,211.9,110,215.1,120,238.5,107,9.4,2,0
SD,116,415,0,0,63.7,101,195.8,95,210.1,87,10.0,6,1
NH,161,415,0,0,173.4,100,213.7,74,141.5,69,11.5,4,1
AL,19,415,1,0,237.7,98,207.1,121,182.2,95,4.5,4,0
ID,119,415,1,32,173.0,101,209.4,93,231.1,91,12.2,4,0
MD,125,415,0,0,224.9,102,143.8,87,198.9,105,8.0,2,0
IN,156,510,0,0,237.7,122,181.5,91,185.7,151,7.7,4,1
WY,109,415,0,0,137.0,128,217.0,116,182.1,86,10.0,5,2
NH,95,510,0,0,142.5,109,176.1,107,189.6,88,8.2,3,2
MN,90,408,0,0,142.4,126,126.2,118,274.2,71,4.6,4,1
MA,105,415,0,21,147.0,112,197.3,43,267.4,93,8.7,3,2
NH,101,510,0,0,220.3,124,188.6,101,278.4,98,10.6,4,1
MN,95,415,0,0,149.2,96,260.7,116,201.0,120,8.1,2,1
IA,123,415,0,0,204.4,88,137.5,111,226.0,100,10.0,4,0
AL,141,510,0,28,308.0,123,247.8,128,152.9,103,7.4,3,1
CA,75,415,0,19,210.3,90,241.8,87,215.7,102,13.1,3,4
MA,126,408,0,24,58.9,125,305.5,90,158.9,73,12.1,6,0
FL,153,415,0,0,228.9,102,160.7,136,203.1,109,12.5,2,0
NH,97,408,0,32,90.0,87,276.3,113,185.2,107,8.6,6,2
IN,115,408,0,0,146.7,128,106.2,74,197.7,104,11.1,4,2
MA,17,415,1,0,162.8,118,229.6,91,332.7,94,13.6,3,0
NH,105,415,0,20,186.9,114,256.3,91,334.7,104,8.9,2,1
TX,121,415,0,0,86.1,100,259.8,113,148.0,79,9.1,9,2
NC,125,408,0,0,212.3,89,215.4,127,186.8,73,11.3,2,2
CT,124,415,0,0,151.0,98,120.6,119,152.8,81,9.2,2,2
LA,123,510,0,32,212.3,77,251.5,78,208.7,85,6.6,2,3
NV,124,415,0,0,234.4,61,179.3,111,285.5,117,10.4,6,3
WV,133,510,0,0,176.8,92,187.5,97,196.8,88,6.5,3,2
SC,1,415,0,26,146.6,68,172.8,67,173.8,113,10.0,2,1
KS,107,415,0,0,260.5,108,102.4,110,129.7,148,9.8,5,1
NY,91,415,0,20,146.1,98,277.4,104,137.7,100,6.2,3,1
MI,178,408,1,0,124.5,134,141.2,78,268.2,113,11.4,2,2
MA,123,415,0,0,209.4,49,237.4,117,239.2,98,9.8,11,1
UT,170,415,0,0,285.7,44,167.5,144,260.0,97,8.7,4,1
HI,135,415,0,0,190.9,44,161.4,109,231.9,100,8.4,2,1
OR,134,415,0,50,208.8,130,132.9,104,136.7,107,11.1,4,2
CT,93,415,0,0,271.1,101,237.4,133,145.4,103,8.4,6,1
AZ,138,415,0,0,240.8,104,144.5,92,125.7,98,11.6,1,0
OR,159,510,0,0,114.8,98,192.6,101,259.0,108,12.2,5,0
DE,103,415,0,34,138.8,80,142.0,108,183.8,77,11.8,7,1
MA,150,408,0,27,209.8,112,155.0,80,251.5,111,7.2,6,0
CT,37,408,0,0,134.9,98,248.4,130,236.2,113,14.7,2,3
AR,33,415,1,0,164.0,99,153.1,102,123.8,104,6.4,4,0
SD,55,415,0,0,245.5,130,192.7,54,141.7,83,9.1,4,1
CT,107,408,0,0,90.7,90,207.5,109,169.4,96,5.6,5,2
MS,78,408,0,0,108.6,108,209.9,126,222.6,117,7.9,5,1
MT,85,408,0,17,89.8,88,233.2,75,165.7,116,9.3,7,4
AK,61,415,0,15,252.4,106,187.8,69,259.6,137,10.0,3,2
DE,97,415,0,32,183.4,94,269.1,120,203.5,38,6.7,4,5
OH,136,408,1,0,183.4,103,141.9,113,200.4,122,10.4,9,2
MN,135,408,0,0,155.2,100,135.9,84,184.6,82,3.8,9,3
CA,87,415,0,19,165.8,122,186.9,89,249.7,78,0.0,0,1
NV,148,415,0,0,279.3,104,201.6,87,280.8,99,7.9,2,2
SC,99,415,0,0,174.1,102,99.1,118,211.6,126,7.7,2,2
WV,123,415,0,0,175.7,78,184.6,96,156.9,92,9.1,2,2
NM,127,415,1,0,256.5,87,222.1,101,156.7,122,13.0,3,1
WY,151,415,0,0,170.2,89,187.5,83,119.5,100,4.3,3,0
CA,185,408,0,0,139.6,92,250.2,115,158.1,79,10.8,4,1
WY,58,510,0,0,210.1,126,248.9,108,158.6,88,14.4,2,4
MA,58,408,0,0,174.4,112,265.8,122,182.4,87,0.0,0,4
UT,108,415,0,0,210.6,117,164.2,103,201.4,68,9.4,5,0
MN,132,510,0,0,121.5,88,253.0,124,195.7,120,10.7,4,1
NE,80,415,0,0,127.8,67,181.6,112,197.3,63,15.9,2,2
KY,110,510,0,0,99.4,62,275.0,86,212.1,94,16.7,3,2
NY,168,408,0,0,163.4,134,240.1,87,164.0,147,11.6,2,2
CO,125,408,0,23,120.5,104,227.8,115,158.5,100,10.2,3,1
DC,170,510,0,0,184.1,106,204.9,70,224.3,133,9.8,3,2
AK,71,510,0,0,185.0,84,232.5,129,191.1,82,14.9,4,3
SC,124,415,0,0,160.9,109,144.2,152,120.4,97,12.9,12,1
KS,68,415,0,0,207.6,68,251.6,123,191.6,100,10.9,6,2
UT,97,415,0,0,209.2,134,0.0,0,175.4,94,11.8,6,1
IL,98,510,1,0,158.4,71,306.6,66,144.2,93,2.1,4,1
DC,24,408,0,0,149.0,73,131.0,81,238.6,69,8.6,3,2
DC,136,510,0,0,204.5,63,208.8,95,224.0,119,9.8,2,0
OK,44,408,0,0,288.8,86,175.9,87,215.4,106,9.5,2,0
KY,96,415,0,40,108.6,90,206.4,154,126.3,118,13.4,4,0
HI,24,415,0,0,156.2,104,90.0,101,205.1,116,7.3,5,1
SC,112,415,0,31,225.2,89,256.8,117,249.7,87,11.5,1,4
GA,117,415,1,0,287.4,118,259.6,84,153.2,86,10.0,3,1
KS,137,415,0,19,175.3,96,241.3,146,211.4,109,7.8,2,0
UT,95,415,0,0,157.9,103,259.6,90,230.0,117,14.0,2,0
ND,145,415,0,0,245.8,116,286.7,91,240.7,115,9.0,13,1
KY,56,415,1,0,177.7,114,215.6,110,236.7,67,10.5,5,1
OH,133,408,0,0,117.8,100,199.2,105,244.1,119,11.8,4,0
TX,53,415,0,0,119.7,113,189.7,84,256.2,108,12.9,7,2
WY,123,415,0,0,242.2,87,226.1,101,268.6,121,8.2,3,5
WV,62,408,0,0,128.7,111,169.5,104,193.6,97,10.3,5,1
MI,55,415,0,20,207.7,91,199.7,113,216.5,110,7.3,1,1
NY,125,415,0,0,233.3,65,209.8,93,210.6,109,9.1,4,1
TX,1,415,0,0,182.1,106,134.9,106,152.3,75,10.0,3,5
KY,98,415,0,36,168.0,81,163.2,125,172.7,120,8.0,2,6
SD,105,415,0,0,251.6,88,175.1,103,184.4,112,5.4,5,1
OR,99,408,0,0,256.4,44,214.5,105,233.7,75,7.9,1,3
WV,177,408,0,0,227.8,81,161.8,97,217.0,106,8.0,5,1
CT,160,415,0,0,234.9,136,270.8,134,219.3,101,13.9,2,1
ND,90,415,0,22,124.5,94,231.7,90,222.2,108,6.4,12,1
MI,148,415,1,0,233.5,81,187.7,71,122.3,97,9.6,2,0
MT,147,415,0,35,197.3,134,141.1,99,212.1,90,10.1,4,2
WV,80,415,0,0,151.5,89,131.7,78,235.3,131,11.8,4,0
AR,122,415,1,0,146.3,117,218.7,93,236.0,97,11.5,5,1
MT,132,408,0,0,195.1,100,148.8,95,224.5,117,6.7,2,0
UT,83,510,0,0,208.9,71,214.8,92,247.9,108,13.0,5,1
HI,99,408,0,0,135.7,107,208.4,103,209.0,95,8.8,3,7
KS,84,415,0,0,225.9,86,275.6,105,201.4,108,14.3,3,3
NY,46,415,0,0,122.2,67,167.2,62,194.8,98,9.7,6,1
OH,87,510,0,0,153.3,106,224.5,117,273.4,152,8.9,5,2
KS,73,408,0,0,194.8,112,167.2,85,100.3,61,10.8,6,1
IN,7,415,0,0,206.7,87,281.1,83,158.5,77,11.0,5,3
OR,89,415,0,12,188.0,105,151.3,107,201.9,132,10.5,3,2
NY,131,408,1,0,122.3,83,118.8,94,147.9,95,13.7,3,3
VA,105,415,0,0,259.3,96,175.2,97,222.4,36,12.0,5,3
ID,47,415,0,28,172.9,109,137.6,94,203.8,109,8.3,6,1
OR,161,408,0,0,196.6,73,170.2,79,194.3,79,12.5,3,1
AZ,69,415,0,31,194.9,63,191.6,90,153.0,129,13.2,2,2
PA,87,408,0,30,262.8,114,215.8,130,154.8,88,7.8,2,0
CO,71,415,0,0,211.2,70,252.7,122,225.8,104,12.3,3,0
KY,76,415,0,0,204.0,69,225.1,110,240.3,85,9.6,5,1
NJ,87,510,0,0,223.2,109,127.5,86,289.3,83,14.5,4,3
IL,117,408,0,0,119.0,82,187.5,108,189.3,97,11.5,3,1
WA,177,415,0,0,266.1,91,225.2,79,224.7,58,8.9,8,3
WV,95,415,0,0,134.4,104,152.4,95,236.5,80,9.4,3,1
OH,66,415,0,0,170.5,103,254.3,77,197.3,138,10.5,2,2
MO,110,415,0,0,178.5,124,146.9,141,217.1,102,9.9,7,1
VA,133,408,0,39,239.9,107,253.8,77,128.7,85,6.7,3,5
FL,185,408,0,0,55.6,97,288.7,83,111.2,110,12.1,3,2
NY,91,510,0,0,109.8,100,189.6,104,206.7,85,11.1,3,1
WV,131,415,0,0,196.1,89,185.5,87,250.0,132,5.2,6,2
LA,153,510,0,0,166.8,127,143.5,121,210.7,130,11.8,4,0
MA,132,415,0,25,113.2,96,269.9,107,229.1,87,7.1,7,2
AL,141,408,0,0,242.8,90,234.1,80,211.5,104,6.0,3,5
ME,105,415,0,0,156.5,102,140.2,134,227.4,111,12.2,2,2
TX,169,408,0,0,266.7,105,158.2,88,287.7,111,13.8,3,3
ND,127,415,0,23,182.0,80,216.1,85,156.9,82,9.8,4,1
LA,123,415,0,33,146.6,87,114.8,59,220.4,99,2.9,7,0
MT,103,510,0,35,110.5,101,208.3,81,87.4,77,13.9,2,4
OR,101,415,0,0,118.6,89,199.6,97,53.3,61,11.5,5,1
NH,123,415,0,22,197.6,105,80.0,86,120.8,82,15.6,12,2
NE,78,510,0,32,210.3,116,192.2,83,246.1,92,10.8,4,6
WV,101,415,0,28,220.3,96,285.8,72,203.0,111,9.4,6,4
NV,129,415,0,0,150.0,98,232.4,101,261.2,123,12.5,6,1
MA,67,415,0,34,161.7,114,207.6,115,205.7,114,9.2,4,0
MI,37,415,0,0,191.4,116,167.4,99,216.5,112,14.0,5,3
WV,173,510,0,0,109.4,103,101.3,111,167.3,106,7.8,7,1
KY,135,510,0,0,144.1,115,249.8,68,211.4,82,13.6,3,1
NJ,75,415,0,42,248.9,93,170.8,108,104.5,91,11.2,8,1
ME,88,415,0,0,85.7,112,221.6,70,190.6,75,11.6,3,4
TX,112,415,0,0,214.8,112,209.7,104,164.4,97,9.4,5,3
MN,113,408,0,0,158.9,137,242.8,109,247.8,97,6.5,4,0
VA,121,510,0,28,110.0,94,141.5,76,237.3,87,6.4,3,2
MD,90,415,0,0,145.6,103,197.1,137,294.5,83,10.5,4,0
RI,39,408,0,0,93.3,83,199.6,114,206.2,104,6.5,4,0
MD,176,408,0,0,201.9,101,154.7,78,164.4,79,9.0,2,1
NM,105,408,0,0,146.4,81,225.1,80,230.1,117,8.5,2,1
MN,57,415,0,0,272.7,74,224.9,85,178.2,104,10.5,3,2
MI,110,510,0,0,18.9,92,258.4,81,109.6,74,14.8,4,1
AL,95,408,0,0,190.2,119,157.1,70,181.5,120,14.0,6,0
MI,147,415,0,0,130.6,83,208.1,144,204.6,72,15.6,3,3
SC,101,415,0,0,158.4,92,188.0,117,219.7,125,13.5,4,4
MS,115,415,0,0,166.5,111,236.2,98,205.6,92,15.6,2,1
MS,103,415,0,0,129.3,103,202.8,89,233.0,126,12.9,2,2
CA,82,415,0,0,199.3,112,193.4,120,254.4,117,7.0,10,0
MD,141,415,0,0,185.1,126,233.0,98,152.2,106,9.1,7,0
ND,149,408,0,0,175.4,80,197.4,127,188.2,102,9.7,2,2
SD,119,510,0,0,94.2,108,264.1,100,203.7,79,7.3,3,1
AL,112,510,0,0,189.4,83,219.0,89,168.0,116,7.1,8,3
NV,116,510,0,35,118.0,103,167.2,106,205.7,102,11.8,2,2
LA,94,415,0,0,212.1,98,189.4,89,352.2,95,8.4,5,3
VA,90,408,0,0,222.0,93,187.0,103,282.3,124,12.4,6,2
DE,114,415,0,31,222.8,98,180.5,105,151.3,101,13.0,4,0
CT,63,408,0,25,190.0,137,116.6,76,141.5,110,12.2,2,1
MA,122,408,0,29,195.4,83,268.2,93,168.0,95,8.4,6,3
WA,62,415,0,0,100.0,98,173.5,95,218.0,122,10.1,4,0
SC,78,415,0,21,160.6,85,223.1,79,124.0,92,9.5,1,2
IN,148,415,0,26,158.7,91,160.5,127,218.3,88,9.9,3,1
MD,154,510,0,0,154.5,122,214.2,71,178.0,105,12.0,2,3
NV,110,408,0,34,192.3,114,129.3,114,136.3,102,6.3,12,1
TX,75,415,0,0,305.1,106,188.0,115,235.4,116,8.5,5,0
ND,84,408,0,38,193.0,106,153.6,106,260.4,87,7.4,5,2
WV,113,510,0,0,72.5,88,204.0,112,117.9,118,6.6,3,1
CO,181,510,0,40,105.2,61,341.3,79,165.7,97,6.3,3,2
TX,51,415,0,0,180.5,88,134.7,102,170.7,97,10.0,3,2
FL,102,408,0,29,214.7,86,314.3,109,280.2,110,14.3,2,0
AL,107,408,0,0,86.8,95,108.1,85,204.3,87,13.2,3,1
WV,88,510,0,0,131.5,99,174.8,128,184.2,83,7.9,2,5
MI,82,415,0,0,135.4,102,237.1,122,118.3,91,17.5,4,0
NY,204,415,0,0,174.3,85,254.1,95,176.4,96,5.9,3,6
MO,174,510,0,0,235.5,108,142.3,143,316.7,131,12.5,5,0
AR,129,415,0,0,157.0,113,256.9,97,185.5,126,12.1,2,2
MS,190,415,1,0,111.9,55,223.0,124,243.2,81,10.0,7,3
NY,54,510,1,0,236.3,91,152.8,130,160.3,98,11.2,8,3
SD,78,408,0,0,163.6,88,283.4,93,262.1,108,8.6,9,0
AK,100,415,0,29,213.6,127,175.9,82,207.2,100,8.9,3,1
WV,70,510,0,30,143.4,72,170.0,92,127.9,68,9.4,4,3
VA,117,408,0,0,97.1,98,228.0,131,240.0,111,10.6,3,1
MS,68,415,0,0,94.1,93,147.6,80,213.5,85,10.1,2,0
SD,27,510,0,0,226.3,95,274.3,109,242.7,119,8.2,3,2
MN,91,415,0,0,133.8,61,158.8,96,189.6,92,10.5,2,1
AL,181,415,0,27,190.3,93,249.0,127,215.7,82,10.6,4,1
CO,118,415,0,36,294.9,106,165.7,115,189.2,63,9.8,5,3
ME,112,415,0,0,185.4,114,191.4,119,144.0,78,10.0,11,2
GA,93,415,0,0,179.5,121,191.9,131,165.5,125,12.0,4,0
AZ,102,408,0,0,158.0,94,207.9,100,190.4,120,10.1,10,0
MA,93,415,0,0,173.0,131,190.4,108,290.0,66,10.4,2,0
AZ,107,415,0,32,134.2,101,211.9,145,167.6,138,8.2,5,1
DE,115,415,0,0,195.9,111,227.0,108,313.2,113,13.2,1,2
WI,63,510,0,13,214.2,61,181.2,88,174.0,68,10.3,2,0
DC,119,408,0,26,132.0,100,173.3,121,203.5,108,11.6,5,1
GA,73,408,0,0,157.6,92,198.3,87,364.9,106,9.1,4,1
HI,98,408,0,30,110.3,71,182.4,108,183.8,88,11.0,8,2
VA,139,415,1,0,161.5,121,192.9,137,168.3,96,11.2,13,0
NY,31,408,0,28,171.8,116,240.7,125,245.5,80,10.6,7,1
PA,129,510,0,32,211.0,99,155.1,89,234.8,96,11.4,5,1
AR,115,415,0,0,139.3,89,192.3,95,151.0,75,9.3,3,7
HI,108,415,0,0,291.6,99,221.1,93,229.2,110,14.0,9,2
WV,102,408,0,0,234.8,125,199.2,99,163.2,88,10.0,1,4
OK,149,408,0,0,187.6,83,201.4,81,264.2,79,8.8,1,1
ND,131,408,0,33,177.1,100,194.0,85,253.4,124,5.2,5,1
MO,83,408,0,0,117.9,101,160.4,92,235.3,150,11.4,10,0
AR,96,415,0,21,247.6,95,256.3,150,158.6,72,10.8,6,2
GA,98,408,0,0,169.9,77,138.3,155,142.6,105,8.5,7,1
TN,3,415,0,0,185.0,120,203.7,129,170.5,89,14.1,3,3
MA,77,408,0,17,204.9,84,201.0,102,219.7,97,11.3,5,0
ND,75,408,0,24,225.5,119,182.0,108,270.9,106,9.4,2,3
IA,40,510,0,0,169.7,115,141.4,123,253.0,115,10.5,3,4
AL,16,415,0,0,161.9,100,230.1,138,148.8,78,10.2,11,3
NY,115,510,0,16,133.3,110,185.7,111,161.5,113,5.6,4,2
PA,108,510,0,25,170.7,88,109.9,113,165.7,99,8.7,1,3
VT,107,510,0,0,189.7,76,156.1,65,244.0,91,8.3,3,5
NC,161,415,0,0,322.3,100,230.4,135,241.5,104,7.8,5,2
CT,147,415,0,0,124.4,74,320.9,78,157.2,126,10.4,4,2
MO,107,415,0,0,146.9,94,114.3,111,114.5,97,11.4,5,3
AK,58,510,0,0,131.9,96,167.6,107,205.9,106,14.7,5,3
LA,91,408,0,0,147.2,121,175.2,87,136.3,80,13.3,3,2
AL,13,415,0,0,143.1,139,239.6,88,221.7,123,7.1,5,2
MA,93,415,0,31,237.2,85,213.1,100,192.7,87,10.7,4,1
DE,95,510,0,0,184.2,95,181.6,101,143.4,113,12.8,4,2
SC,104,415,0,0,109.1,141,187.1,140,216.6,100,10.0,4,3
NH,35,408,0,0,138.1,115,158.2,82,215.7,118,10.3,2,5
LA,62,415,0,0,186.8,94,207.6,92,195.0,98,8.8,4,3
MS,143,510,0,0,155.4,112,290.9,92,228.4,91,13.9,5,1
WA,60,415,1,0,205.9,97,277.4,117,202.0,139,11.0,2,0
SC,41,510,0,0,207.2,138,214.1,83,193.0,105,11.9,4,1
ME,56,408,0,0,221.9,112,278.2,122,288.1,85,7.1,5,0
AZ,94,415,0,0,220.8,111,156.2,67,187.9,89,10.5,4,2
CT,73,415,0,47,173.7,117,204.0,114,174.6,94,6.3,3,2
AR,127,415,1,0,143.2,60,179.5,159,171.8,122,6.2,4,4
RI,33,415,0,0,184.4,111,203.8,110,237.4,100,9.3,5,3
NV,148,510,0,0,216.2,95,185.7,105,300.0,143,10.0,5,2
UT,81,415,0,0,129.9,121,230.1,105,140.5,123,13.3,3,0
NC,122,510,0,30,230.1,108,287.6,76,177.1,85,6.9,3,2
MI,52,415,0,0,204.4,97,273.2,128,179.6,118,11.0,5,1
WI,91,408,0,44,216.6,101,173.1,98,242.1,95,9.1,3,1
AR,54,415,0,0,247.5,85,225.4,93,244.3,132,10.2,2,2
NH,152,510,0,0,228.1,93,136.4,106,197.3,107,9.0,2,1
TX,201,415,0,0,225.9,110,299.1,86,251.3,81,11.2,4,1
ID,78,415,0,0,103.5,115,117.9,102,201.0,94,12.0,3,4
CT,67,415,0,0,115.5,70,252.2,143,208.9,91,7.5,6,0
NH,100,408,0,0,218.8,125,148.3,102,277.8,97,9.7,6,1
WY,41,510,0,0,223.8,67,244.8,74,223.8,156,12.3,5,3
OR,133,415,0,0,143.8,71,184.0,131,275.5,132,12.9,4,3
SC,36,408,0,43,29.9,123,129.1,117,325.9,105,8.6,6,2
MD,51,510,0,28,276.7,121,203.7,99,246.2,88,8.3,3,0
NY,122,415,0,0,141.4,128,146.4,70,123.0,75,8.1,4,0
UT,110,408,0,0,192.6,102,178.9,118,214.6,74,9.4,4,1
AL,91,408,1,0,151.8,115,103.6,116,156.3,86,12.2,4,1
DE,121,408,0,0,215.6,74,192.9,98,144.0,103,10.1,4,5
WV,109,415,0,0,180.0,100,229.0,103,139.4,105,7.8,8,3
NC,72,415,0,0,196.5,88,158.6,129,269.3,118,6.8,3,0
AZ,108,415,0,0,193.3,126,154.7,85,174.8,98,9.4,6,3
ND,148,415,1,0,218.7,111,155.6,133,277.4,62,8.2,5,1
WA,76,510,1,0,246.8,110,206.3,63,208.4,123,13.2,5,0
ID,103,415,0,0,174.7,151,148.0,56,168.2,109,15.8,3,6
CT,87,415,0,0,240.0,83,134.1,106,189.1,84,9.3,2,0
OK,35,510,0,37,181.2,76,177.6,98,228.0,136,5.0,3,2
ID,77,510,0,29,211.1,89,223.5,97,148.4,106,9.7,9,2
OR,124,510,0,0,169.3,108,178.6,91,242.3,82,12.2,3,1
SD,30,415,0,0,247.4,107,175.9,76,287.4,90,11.3,2,0
DE,53,415,0,32,131.2,63,227.4,125,178.9,105,12.8,2,2
CT,100,510,1,0,107.2,98,86.8,122,156.2,117,9.7,4,1
MN,59,408,0,32,211.9,120,202.9,136,213.5,95,8.8,5,1
WA,143,510,0,0,160.4,120,285.9,104,182.5,85,6.9,4,3
MS,111,408,0,0,294.7,90,294.6,72,260.1,121,10.8,3,1
WA,143,510,0,0,133.4,107,223.9,117,180.4,85,10.2,13,1
OH,68,415,1,24,125.7,92,275.9,98,214.5,108,14.2,6,3
TN,93,510,1,0,168.4,114,276.0,127,196.2,48,11.4,3,1
ID,103,415,0,0,70.9,134,134.5,112,168.8,164,12.0,6,2
WV,144,510,0,38,105.0,86,121.8,123,221.5,122,3.7,4,0
WI,93,415,0,0,152.1,141,215.5,107,262.4,111,12.0,7,1
OK,149,510,1,0,180.9,79,194.9,83,197.8,109,8.8,9,3
WV,23,510,0,31,156.6,84,161.5,96,294.6,107,9.4,6,1
SD,221,510,0,24,180.5,85,224.1,92,205.7,103,2.4,3,0
KS,164,510,0,30,238.8,100,230.0,121,206.3,66,13.2,8,1
NC,104,415,0,18,182.1,66,213.6,65,193.0,108,13.4,9,2
NY,150,415,0,35,139.6,72,332.8,170,213.8,105,8.8,2,2
WI,184,408,0,12,200.3,76,253.6,105,149.3,93,10.2,5,0
UT,61,415,1,29,128.2,119,171.7,83,250.9,114,11.7,6,3
IN,115,415,0,0,226.4,101,276.8,60,213.4,82,12.3,4,3
AR,33,408,0,0,251.9,81,194.6,96,211.2,87,8.4,3,2
ME,100,510,0,0,264.5,117,194.0,111,262.7,111,7.5,4,2
DE,75,510,0,28,200.6,96,164.1,111,169.6,153,2.5,5,1
AK,121,408,0,34,245.0,95,216.9,66,112.4,125,7.5,8,0
MI,142,415,1,0,140.8,140,228.6,119,152.9,88,10.9,7,1
WA,121,510,0,0,255.1,93,266.9,97,197.7,118,8.8,3,3
SD,87,415,0,33,125.0,99,235.3,81,215.3,95,10.2,7,2
SD,34,408,0,0,180.6,65,280.4,99,292.4,105,5.0,3,1
AK,177,415,1,0,248.7,118,172.3,73,191.9,87,11.3,2,1
MA,58,415,0,30,178.1,111,236.7,109,264.0,118,8.4,2,0
AR,113,415,1,0,122.2,112,131.7,94,169.5,106,10.3,9,5
OR,89,415,0,0,111.2,101,122.1,94,180.8,85,12.6,2,3
NC,77,408,1,44,103.2,117,236.3,86,203.5,101,11.9,2,0
OK,146,510,0,0,138.4,104,158.9,122,47.4,73,3.9,9,4
NJ,93,415,0,0,146.3,85,216.6,95,233.0,82,11.5,3,0
OH,160,415,0,0,206.3,66,241.1,109,227.8,102,11.7,6,0
NM,55,415,0,0,132.0,103,279.6,114,180.0,74,13.5,4,0
OH,88,408,0,0,274.6,105,161.1,121,194.4,123,9.2,4,2
MI,63,510,0,0,185.3,87,225.3,87,194.3,93,11.7,3,0
IL,57,415,0,30,179.2,105,283.2,83,228.1,77,14.7,5,1
RI,138,510,1,0,286.2,61,187.2,60,146.2,114,11.0,4,2
AR,115,408,0,0,268.0,115,153.6,106,232.3,65,17.0,1,3
NY,171,415,0,0,137.5,110,198.1,109,292.7,131,13.3,5,2
NC,127,510,0,0,134.9,79,221.5,114,113.8,118,15.0,2,1
OR,61,415,0,0,234.2,76,216.7,108,130.6,122,13.9,2,1
VT,131,415,0,0,175.1,73,171.9,116,131.1,94,7.3,6,1
SD,88,408,0,0,142.2,107,262.4,84,139.2,99,10.1,5,1
DC,130,510,0,0,132.4,81,200.3,110,202.5,103,6.0,1,2
RI,89,415,0,24,97.8,98,207.2,67,214.5,126,5.9,2,0
ID,82,415,0,0,266.9,83,229.7,74,251.7,99,11.0,6,3
MN,115,415,0,0,200.2,92,244.9,107,190.9,96,8.8,3,1
WV,117,510,1,0,198.4,121,249.5,104,162.8,115,10.5,5,1
NH,60,415,0,0,180.3,67,208.0,68,181.2,101,12.8,6,2
WI,62,415,0,0,86.3,84,238.7,99,238.4,79,12.5,1,2
IN,131,408,0,0,240.9,108,167.4,91,322.2,109,14.7,8,3
IN,65,408,0,0,207.7,109,217.5,117,125.6,111,8.0,5,1
OR,142,510,0,22,224.4,114,146.0,106,241.4,98,8.8,2,1
OK,134,415,0,0,164.9,115,126.5,96,238.5,125,10.0,9,2
NJ,139,415,0,43,231.0,85,222.3,82,148.0,105,8.3,5,2
AR,76,408,0,0,107.3,140,238.2,133,271.8,116,10.0,3,4
UT,100,408,0,0,185.0,122,182.5,92,274.9,92,5.1,8,1
DC,99,415,0,31,244.1,71,203.4,58,234.0,115,7.7,4,3
OH,106,415,0,30,220.1,105,222.2,109,158.4,96,13.1,8,0
KS,170,415,0,42,199.5,119,135.0,90,184.6,49,10.9,3,4
SC,78,415,0,0,109.5,105,286.1,90,247.6,113,4.9,9,1
TN,39,408,0,0,187.2,110,114.7,116,104.7,83,13.2,5,1
MI,119,510,1,22,172.1,119,223.6,133,150.0,94,13.9,20,1
RI,95,408,0,0,160.0,133,215.3,98,188.9,87,9.1,4,0
MO,116,408,0,0,51.1,106,208.6,137,198.0,92,12.3,3,1
TN,110,415,0,0,227.7,88,170.0,96,128.7,57,11.7,5,1
CT,74,510,0,0,203.8,77,205.1,111,154.9,109,9.0,2,1
ME,148,408,0,33,241.7,84,165.8,84,160.6,80,11.3,3,1
MD,83,510,0,0,78.1,70,239.3,115,144.4,112,12.3,4,1
NC,73,408,0,0,187.8,95,149.2,143,201.4,113,11.0,4,2
SC,111,415,0,21,127.1,94,228.3,116,166.7,108,7.1,3,1
LA,75,510,1,0,153.2,78,210.8,99,153.5,100,7.8,3,1
IL,71,510,1,0,186.1,114,198.6,140,206.5,80,13.8,5,4
IN,58,415,0,22,224.1,127,238.8,85,174.2,86,11.5,7,2
OK,172,408,0,0,203.9,109,234.0,123,160.7,65,17.8,4,4
IA,45,415,0,0,211.3,87,165.7,97,265.9,72,13.3,6,1
VT,100,408,1,0,219.4,112,225.7,102,255.3,95,12.0,4,4
NY,94,415,0,0,190.4,91,92.0,107,224.8,108,13.6,17,2
LA,128,415,0,0,147.7,94,283.3,83,188.3,124,6.9,5,2
SC,181,408,0,0,229.9,130,144.4,93,262.4,110,14.2,4,2
ID,127,408,0,0,102.8,128,143.7,95,191.4,97,10.0,5,1
MO,89,415,0,0,178.7,81,233.7,74,131.9,120,9.1,4,1
ME,149,415,0,18,148.5,106,114.5,106,178.3,98,6.5,4,0
MS,103,510,0,29,164.1,111,219.1,96,220.3,108,12.3,9,0
SD,163,415,1,0,197.2,90,188.5,113,211.1,94,7.8,8,1
OK,52,415,0,0,124.9,131,300.5,118,192.5,106,11.6,4,2
WY,89,415,0,0,115.4,99,209.9,115,280.9,112,15.9,6,3
GA,122,510,1,0,140.0,101,196.4,77,120.1,133,9.7,4,4
MD,62,408,0,0,321.1,105,265.5,122,180.5,72,11.5,2,4
IN,117,415,0,0,118.4,126,249.3,97,227.0,56,13.6,3,5
OH,78,408,0,0,193.4,99,116.9,88,243.3,109,9.3,4,2
OH,96,415,0,0,106.6,128,284.8,87,178.9,92,14.9,7,1
SC,79,415,0,0,134.7,98,189.7,68,221.4,128,11.8,5,2
AZ,192,415,0,36,156.2,77,215.5,126,279.1,83,9.9,6,2
WV,68,415,0,0,231.1,57,153.4,55,191.3,123,9.6,4,3
RI,28,510,0,0,180.8,109,288.8,58,191.9,91,14.1,6,2
TN,74,415,0,25,234.4,113,265.9,82,241.4,77,13.7,4,0
